cohort	tree	framework	strategy	task	encoder	model	surv_loss	experiment_id	n_folds	n_fold_dirs	seed	elapsed_s	primary_metric	test_mean	test_std	test_ci_low	test_ci_high	val_mean	val_std	per_fold_test	per_fold_val	mtime	path
cptac_gbm	benchmark_5fold	abmil	standard	os	hoptimus1	abmil	cox	abmil__standard__os__hoptimus1__abmil__s42__cox	5	5	42	3334	c_index	0.5559711090517363	0.13917942580858914	0.44924304900813716	0.6618715968089147	0.5310204470452149	0.09999022070053382	[0.49056603773584906, 0.46060606060606063, 0.7046979865771812, 0.41721854304635764, 0.706766917293233]	[0.6176470588235294, 0.48717948717948717, 0.44, 0.6578947368421053, 0.4523809523809524]	1784810419	abmil/standard/os/hoptimus1/abmil/cox
cptac_gbm	benchmark_5fold	abmil	standard	os	hoptimus1	abmil	nllsurv	abmil__standard__os__hoptimus1__abmil__s42__nllsurv	5	5	42	3434	c_index	0.556257816713415	0.09243904785989163	0.4884038182651203	0.6313667516610606	0.5640638247201715	0.08534162262242163	[0.49056603773584906, 0.47878787878787876, 0.6845637583892618, 0.5033112582781457, 0.6240601503759399]	[0.6176470588235294, 0.5384615384615384, 0.48, 0.6842105263157895, 0.5]	1784810509	abmil/standard/os/hoptimus1/abmil/nllsurv
cptac_gbm	benchmark_5fold	abmil	standard	os	uni_v2	abmil	cox	abmil__standard__os__uni_v2__abmil__s42__cox	5	5	42	3288	c_index	0.5422333347704376	0.15168215969997517	0.42490990121128813	0.6590949001545964	0.5818359926966739	0.09341191060938847	[0.4968553459119497, 0.43636363636363634, 0.6711409395973155, 0.37748344370860926, 0.7293233082706767]	[0.5882352941176471, 0.5641025641025641, 0.52, 0.7368421052631579, 0.5]	1784810370	abmil/standard/os/uni_v2/abmil/cox
cptac_gbm	benchmark_5fold	abmil	standard	os	uni_v2	abmil	nllsurv	abmil__standard__os__uni_v2__abmil__s42__nllsurv	5	5	42	3496	c_index	0.5583770546234683	0.10758370537130975	0.479897235506382	0.6417581481634619	0.5494488710463943	0.0942403445185225	[0.4968553459119497, 0.45454545454545453, 0.7046979865771812, 0.4966887417218543, 0.6390977443609023]	[0.5882352941176471, 0.48717948717948717, 0.44, 0.6842105263157895, 0.5476190476190477]	1784810583	abmil/standard/os/uni_v2/abmil/nllsurv
cptac_gbm	benchmark_5fold	abmil	standard	os	virchow2	abmil	cox	abmil__standard__os__virchow2__abmil__s42__cox	5	5	42	3527	c_index	0.5629390104618888	0.13496521977166825	0.45818136380675434	0.6664185055983807	0.5907360709465973	0.15012606462378095	[0.5220125786163522, 0.46060606060606063, 0.7315436241610739, 0.423841059602649, 0.6766917293233082]	[0.5, 0.6153846153846154, 0.52, 0.8421052631578947, 0.47619047619047616]	1784810618	abmil/standard/os/virchow2/abmil/cox
cptac_gbm	benchmark_5fold	abmil	standard	os	virchow2	abmil	nllsurv	abmil__standard__os__virchow2__abmil__s42__nllsurv	5	5	42	3543	c_index	0.529418734363588	0.11616755373319809	0.44271110454791573	0.6212253024262915	0.5752595969561914	0.14867676125453994	[0.44025157232704404, 0.41818181818181815, 0.697986577181208, 0.4966887417218543, 0.5939849624060151]	[0.5588235294117647, 0.41025641025641024, 0.52, 0.8157894736842105, 0.5714285714285714]	1784810621	abmil/standard/os/virchow2/abmil/nllsurv
cptac_gbm	benchmark_5fold	abmil	standard	tp53	hoptimus1	abmil		abmil__standard__tp53__hoptimus1__abmil__s42	5	5	42	99	auc_roc	0.7681877378921569	0.0525109645129092	0.7285865301427037	0.8072569664692224	0.852857501975149	0.09823856616702599	[0.6979310344827586, 0.7437275985663082, 0.8264462809917354, 0.7596153846153846, 0.8132183908045977]	[0.8916666666666667, 1.0, 0.7582417582417583, 0.773109243697479, 0.8412698412698413]	1784807325	abmil/standard/tp53/hoptimus1/abmil
cptac_gbm	benchmark_5fold	abmil	standard	tp53	uni_v2	abmil		abmil__standard__tp53__uni_v2__abmil__s42	5	5	42	84	auc_roc	0.7080972466876501	0.04051340768184864	0.6770322029068111	0.7388609227489235	0.8298077820871939	0.09980323123206652	[0.6744827586206896, 0.7526881720430108, 0.674931129476584, 0.7516025641025641, 0.6867816091954023]	[0.8666666666666667, 0.9895833333333334, 0.7582417582417583, 0.7647058823529411, 0.7698412698412698]	1784807303	abmil/standard/tp53/uni_v2/abmil
cptac_gbm	benchmark_5fold	abmil	standard	tp53	virchow2	abmil		abmil__standard__tp53__virchow2__abmil__s42	5	5	42	171	auc_roc	0.7139651617413272	0.05997225371433233	0.6679327933221149	0.7599975301605395	0.834764598146951	0.12771650907465035	[0.7489655172413794, 0.6594982078853047, 0.7961432506887052, 0.655448717948718, 0.7097701149425287]	[0.9, 0.9791666666666666, 0.7582417582417582, 0.6554621848739496, 0.8809523809523809]	1784807420	abmil/standard/tp53/virchow2/abmil
cptac_gbm	benchmark_5fold	clam	standard	os	hoptimus1	clam_mb	nllsurv	clam__standard__os__hoptimus1__clam_mb__s42__nllsurv	5	5	42	0	c_index	0.5612257442632603	0.08470045467503393	0.4996997338119417	0.6286160638279363	0.5430282039941483	0.07840654042978877	[0.5094339622641509, 0.48484848484848486, 0.6778523489932886, 0.5099337748344371, 0.6240601503759399]	[0.5882352941176471, 0.5128205128205128, 0.48, 0.6578947368421053, 0.47619047619047616]	1784808627	clam/standard/os/hoptimus1/clam_mb/nllsurv
cptac_gbm	benchmark_5fold	clam	standard	os	uni_v2	clam_mb	nllsurv	clam__standard__os__uni_v2__clam_mb__s42__nllsurv	5	5	42	0	c_index	0.5482617014257009	0.10030333740240915	0.4752835868367544	0.6321131064471703	0.5469225552569206	0.06504189958123462	[0.49056603773584906, 0.4727272727272727, 0.6912751677852349, 0.47019867549668876, 0.6165413533834586]	[0.5882352941176471, 0.48717948717948717, 0.48, 0.631578947368421, 0.5476190476190477]	1784808647	clam/standard/os/uni_v2/clam_mb/nllsurv
cptac_gbm	benchmark_5fold	clam	standard	os	virchow2	clam_mb	nllsurv	clam__standard__os__virchow2__clam_mb__s42__nllsurv	5	5	42	0	c_index	0.5490187783812821	0.09713064314806825	0.47459437616339306	0.6234431805991711	0.46884809308338726	0.12604010180291683	[0.4779874213836478, 0.4303030303030303, 0.6711409395973155, 0.609271523178808, 0.556390977443609]	[0.6176470588235294, 0.358974358974359, 0.32, 0.5, 0.5476190476190477]	1784808918	clam/standard/os/virchow2/clam_mb/nllsurv
cptac_gbm	benchmark_5fold	clam	standard	tp53	hoptimus1	clam_mb		clam__standard__tp53__hoptimus1__clam_mb__s42	5	5	42	19045.49509559397	auc_roc	0.7474736777924158	0.04362032774337634	0.7135886787788901	0.7834217506631299	0.8755201824319471	0.12575059395652718	[0.6910344827586207, 0.7275985663082437, 0.743801652892562, 0.8076923076923077, 0.7672413793103449]	[0.9666666666666668, 0.9791666666666666, 0.6703296703296703, 0.8487394957983193, 0.9126984126984128]	1784826077	clam/standard/tp53/hoptimus1/clam_mb
cptac_gbm	benchmark_5fold	clam	standard	tp53	uni_v2	clam_mb		clam__standard__tp53__uni_v2__clam_mb__s42	5	5	42	20048.85517253203	auc_roc	0.7070378662359651	0.09098852477833479	0.6286463379880309	0.7753074712643676	0.8327134956546722	0.17735766642103912	[0.6620689655172415, 0.7634408602150538, 0.578512396694215, 0.717948717948718, 0.8132183908045978]	[0.95, 1.0, 0.5604395604395604, 0.7563025210084033, 0.8968253968253969]	1784827081	clam/standard/tp53/uni_v2/clam_mb
cptac_gbm	benchmark_5fold	clam	standard	tp53	virchow2	clam_mb		clam__standard__tp53__virchow2__clam_mb__s42	5	5	42	24838.696558165015	auc_roc	0.7433771245046905	0.041283763232470745	0.717328269183233	0.778397764722216	0.8173909179056238	0.18166083356642485	[0.743448275862069, 0.7078853046594983, 0.7327823691460055, 0.719551282051282, 0.8132183908045977]	[0.9, 0.9895833333333334, 0.6483516483516483, 0.5966386554621849, 0.9523809523809523]	1784831871	clam/standard/tp53/virchow2/clam_mb
cptac_gbm	benchmark_5fold	dtfd	standard	os	hoptimus1	dtfd_mil	nllsurv	dtfd__standard__os__hoptimus1__dtfd_mil__s42__nllsurv	5	5	42	3652	c_index	0.5478023522499356	0.09087095556370792	0.47635833532122424	0.6176013169507616	0.5371575545197836	0.08518569362313444	[0.4339622641509434, 0.47878787878787876, 0.6308724832214765, 0.5562913907284768, 0.6390977443609023]	[0.47058823529411764, 0.48717948717948717, 0.52, 0.6842105263157895, 0.5238095238095238]	1784810763	dtfd/standard/os/hoptimus1/dtfd_mil/nllsurv
cptac_gbm	benchmark_5fold	dtfd	standard	os	uni_v2	dtfd_mil	nllsurv	dtfd__standard__os__uni_v2__dtfd_mil__s42__nllsurv	5	5	42	3705	c_index	0.5244068076534726	0.07463578389034935	0.4660557842974839	0.5768857371997805	0.5165853547896891	0.06506880432793344	[0.5220125786163522, 0.4121212121212121, 0.5906040268456376, 0.5033112582781457, 0.5939849624060151]	[0.47058823529411764, 0.4358974358974359, 0.6, 0.5526315789473685, 0.5238095238095238]	1784810839	dtfd/standard/os/uni_v2/dtfd_mil/nllsurv
cptac_gbm	benchmark_5fold	dtfd	standard	os	virchow2	dtfd_mil	nllsurv	dtfd__standard__os__virchow2__dtfd_mil__s42__nllsurv	5	5	42	3881	c_index	0.573933543792616	0.08793466689017812	0.5101546011154908	0.6437256044320685	0.5475757720092085	0.1283590213891743	[0.48427672955974843, 0.503030303030303, 0.7046979865771812, 0.5761589403973509, 0.6015037593984962]	[0.5588235294117647, 0.4358974358974359, 0.48, 0.7631578947368421, 0.5]	1784811003	dtfd/standard/os/virchow2/dtfd_mil/nllsurv
cptac_gbm	benchmark_5fold	dtfd	standard	tp53	hoptimus1	dtfd_mil		dtfd__standard__tp53__hoptimus1__dtfd_mil__s42	5	5	42	304	auc_roc	0.7043425900062567	0.1477649362958714	0.5704481516393741	0.7850023354534478	0.8228984414278532	0.1393745184916822	[0.7572413793103449, 0.7992831541218638, 0.44352617079889806, 0.7371794871794872, 0.7844827586206896]	[0.8583333333333334, 1.0, 0.7692307692307692, 0.6218487394957983, 0.8650793650793651]	1784807524	dtfd/standard/tp53/hoptimus1/dtfd_mil
cptac_gbm	benchmark_5fold	dtfd	standard	tp53	uni_v2	dtfd_mil		dtfd__standard__tp53__uni_v2__dtfd_mil__s42	5	5	42	365	auc_roc	0.7065766175095228	0.042675675311573256	0.673476127320955	0.7433573269350396	0.8141481720893484	0.15206216998951377	[0.6537931034482759, 0.7706093189964158, 0.7024793388429753, 0.7163461538461537, 0.6896551724137931]	[0.8083333333333333, 1.0, 0.5934065934065934, 0.8991596638655461, 0.7698412698412698]	1784807587	dtfd/standard/tp53/uni_v2/dtfd_mil
cptac_gbm	benchmark_5fold	dtfd	standard	tp53	virchow2	dtfd_mil		dtfd__standard__tp53__virchow2__dtfd_mil__s42	5	5	42	451	auc_roc	0.798836310749396	0.029016601842882236	0.7750473032714413	0.8195685155733695	0.8786301443654384	0.14405983198508368	[0.8179310344827586, 0.8315412186379929, 0.7988980716253444, 0.7900641025641025, 0.7557471264367817]	[0.9666666666666668, 0.9791666666666666, 0.7582417582417582, 0.6890756302521008, 1.0]	1784807692	dtfd/standard/tp53/virchow2/dtfd_mil
cptac_gbm	benchmark_5fold	nnmil	standard	os	hoptimus1	simple_mil	cox	nnmil__standard__os__hoptimus1__simple_mil__s42__cox	5	5	42	9521.358421608107	c_index	0.3883674253339426	0.0811572277048579	0.3299816961561929	0.4593053818078644	0.6627852890143913	0.04848184442767912	[0.4276729559748428, 0.3575757575757576, 0.28859060402684567, 0.36423841059602646, 0.5037593984962406]	[0.5882352941176471, 0.6923076923076923, 0.68, 0.7105263157894737, 0.6428571428571429]	1784816559	nnmil/standard/os/hoptimus1/simple_mil/cox
cptac_gbm	benchmark_5fold	nnmil	standard	os	hoptimus1	simple_mil	nllsurv	nnmil__standard__os__hoptimus1__simple_mil__s42__nllsurv	5	5	42	9505.281657897984	c_index	0.5180129546697841	0.10329293334913883	0.4380455813918266	0.594997370668595	0.578731353270053	0.08997846955155944	[0.4528301886792453, 0.3939393939393939, 0.6375838926174496, 0.4966887417218543, 0.6090225563909775]	[0.5588235294117647, 0.6153846153846154, 0.44, 0.6842105263157895, 0.5952380952380952]	1784816543	nnmil/standard/os/hoptimus1/simple_mil/nllsurv
cptac_gbm	benchmark_5fold	nnmil	standard	os	uni_v2	simple_mil	cox	nnmil__standard__os__uni_v2__simple_mil__s42__cox	5	5	42	11437.485923784086	c_index	0.470891685499475	0.06162287084642482	0.4273333863437575	0.5173870575476552	0.46223010013722093	0.15052188064224048	[0.4779874213836478, 0.4121212121212121, 0.48322147651006714, 0.41721854304635764, 0.5639097744360902]	[0.5588235294117647, 0.28205128205128205, 0.36, 0.6578947368421053, 0.4523809523809524]	1784818475	nnmil/standard/os/uni_v2/simple_mil/cox
cptac_gbm	benchmark_5fold	nnmil	standard	os	uni_v2	simple_mil	nllsurv	nnmil__standard__os__uni_v2__simple_mil__s42__nllsurv	5	5	42	10286.751887518098	c_index	0.5370102946873032	0.09844438600787511	0.4620455208084847	0.6119750685661218	0.5316540219326596	0.17623451593073733	[0.46540880503144655, 0.41818181818181815, 0.6644295302013423, 0.543046357615894, 0.5939849624060151]	[0.8235294117647058, 0.38461538461538464, 0.4, 0.5263157894736842, 0.5238095238095238]	1784817324	nnmil/standard/os/uni_v2/simple_mil/nllsurv
cptac_gbm	benchmark_5fold	nnmil	standard	os	virchow2	simple_mil	cox	nnmil__standard__os__virchow2__simple_mil__s42__cox	5	5	42	11547.284675001982	c_index	0.5461432335098371	0.14661843206094355	0.4356311837606352	0.6567117841170652	0.49802660497397333	0.17070074393501894	[0.4088050314465409, 0.4484848484848485, 0.7181208053691275, 0.46357615894039733, 0.6917293233082706]	[0.5, 0.4358974358974359, 0.36, 0.7894736842105263, 0.40476190476190477]	1784818585	nnmil/standard/os/virchow2/simple_mil/cox
cptac_gbm	benchmark_5fold	nnmil	standard	os	virchow2	simple_mil	nllsurv	nnmil__standard__os__virchow2__simple_mil__s42__nllsurv	5	5	42	9565.736346016987	c_index	0.5198638279487676	0.13445473015029336	0.4494925009182163	0.641262766434084	0.5674471245988274	0.19945411072926172	[0.4528301886792453, 0.44242424242424244, 0.7583892617449665, 0.45695364238410596, 0.48872180451127817]	[0.47058823529411764, 0.41025641025641024, 0.4, 0.8421052631578947, 0.7142857142857143]	1784816603	nnmil/standard/os/virchow2/simple_mil/nllsurv
cptac_gbm	benchmark_5fold	nnmil	standard	tp53	hoptimus1	simple_mil		nnmil__standard__tp53__hoptimus1__simple_mil__s42	5	5	42	3549.6132964879507	auc_roc	0.6062053893792189	0.1438344246553151	0.48572362454008733	0.7100527981810213	0.7400592544710192	0.18385284971373356	[0.5489655172413793, 0.7258064516129032, 0.6446280991735538, 0.38461538461538464, 0.7270114942528735]	[0.7833333333333333, 0.9583333333333334, 0.5384615384615384, 0.5630252100840336, 0.8571428571428572]	1784810588	nnmil/standard/tp53/hoptimus1/simple_mil
cptac_gbm	benchmark_5fold	nnmil	standard	tp53	uni_v2	simple_mil		nnmil__standard__tp53__uni_v2__simple_mil__s42	5	5	42	2721.9672948729713	auc_roc	0.6348719256945569	0.12745602271012416	0.5411116104376292	0.7412490584886176	0.6522639696904402	0.20370846096955278	[0.5310344827586206, 0.7096774193548386, 0.5316804407713499, 0.5801282051282052, 0.8218390804597702]	[0.3583333333333333, 0.7604166666666667, 0.5384615384615384, 0.7310924369747899, 0.873015873015873]	1784809760	nnmil/standard/tp53/uni_v2/simple_mil
cptac_gbm	benchmark_5fold	nnmil	standard	tp53	virchow2	simple_mil		nnmil__standard__tp53__virchow2__simple_mil__s42	5	5	42	3395.6607700649183	auc_roc	0.5703573794605749	0.14068785778244405	0.4447684890866709	0.6587206558455421	0.6036866156719097	0.16612007717236338	[0.6855172413793104, 0.6541218637992832, 0.6143250688705234, 0.3317307692307693, 0.5660919540229885]	[0.8083333333333332, 0.7395833333333334, 0.5274725274725275, 0.40336134453781514, 0.5396825396825397]	1784810434	nnmil/standard/tp53/virchow2/simple_mil
cptac_gbm	benchmark_5fold	titan	standard	os	titan	titan	cox	titan__standard__os__titan__titan__s42__cox	5	5	42	72.55499315261841	c_index	0.4771775872192022	0.061431901708524854	0.4280021603653766	0.5235675719349605	0.5490458726000522	0.10520016273918993	[0.49056603773584906, 0.44242424242424244, 0.38926174496644295, 0.5298013245033113, 0.5338345864661654]	[0.38235294117647056, 0.5897435897435898, 0.52, 0.6578947368421053, 0.5952380952380952]	1785115675	titan/standard/os/titan/titan/cox
cptac_gbm	benchmark_5fold	titan	standard	os	titan	titan	nllsurv	titan__standard__os__titan__titan__s42__nllsurv	5	5	42	62.037235260009766	c_index	0.5192326977138757	0.13105082274999091	0.42165642022943856	0.6372894625668256	0.443360845552796	0.06122463545015582	[0.4779874213836478, 0.4909090909090909, 0.3624161073825503, 0.543046357615894, 0.7218045112781954]	[0.4117647058823529, 0.358974358974359, 0.52, 0.47368421052631576, 0.4523809523809524]	1785115738	titan/standard/os/titan/titan/nllsurv
cptac_gbm	benchmark_5fold	titan	standard	tp53	titan	titan		titan__standard__tp53__titan__titan__s42	5	5	42	89.91463708877563	auc_roc	0.7899647297904957	0.07585407428731712	0.7294422052517991	0.8487783957483626	0.8387693923723336	0.14456922709636466	[0.8910344827586207, 0.8207885304659498, 0.7988980716253443, 0.6891025641025641, 0.75]	[0.7166666666666667, 0.9270833333333334, 0.6593406593406593, 0.8907563025210083, 1.0]	1785115830	titan/standard/tp53/titan/titan
cptac_pdac	benchmark_5fold	abmil	standard	immune_class	hoptimus1	abmil		abmil__standard__immune_class__hoptimus1__abmil__s42	5	5	42	104	auc_roc	0.5411979351697302	0.0561212803177301	0.5009554565333396	0.5889901908891388	0.7778968644132332	0.11140500250446293	[0.5064849624060151, 0.6255197879170048, 0.561906628288665, 0.532326945929887, 0.47975135130707885]	[0.7992916570815121, 0.6676587301587302, 0.8544817927170868, 0.6593390040758461, 0.9087131380329909]	1784807917	abmil/standard/immune_class/hoptimus1/abmil
cptac_pdac	benchmark_5fold	abmil	standard	immune_class	uni_v2	abmil		abmil__standard__immune_class__uni_v2__abmil__s42	5	5	42	64	auc_roc	0.5404030486921895	0.07346156778461108	0.48330611081077135	0.5974999865736075	0.6755764039773775	0.09389330343187245	[0.514011170399116, 0.6163974697497784, 0.4627347363906504, 0.4885249554367201, 0.6203469114846824]	[0.8031784372364082, 0.539021164021164, 0.6903361344537814, 0.6797261472318681, 0.6656201369436663]	1784807860	abmil/standard/immune_class/uni_v2/abmil
cptac_pdac	benchmark_5fold	abmil	standard	immune_class	virchow2	abmil		abmil__standard__immune_class__virchow2__abmil__s42	5	5	42	122	auc_roc	0.5607416662729756	0.05192947601702433	0.5163965672741764	0.6028960324715842	0.7400997170483307	0.06001269383266682	[0.6283086749130892, 0.552117727892554, 0.5774364097260998, 0.48414289958407614, 0.561702619249059]	[0.7765484817115252, 0.7027116402116403, 0.7976190476190476, 0.6536264185005604, 0.7699929971988796]	1784807957	abmil/standard/immune_class/virchow2/abmil
cptac_pdac	benchmark_5fold	abmil	standard	os	hoptimus1	abmil	cox	abmil__standard__os__hoptimus1__abmil__s42__cox	5	5	42	3298	c_index	0.5263296264740541	0.07151827507180464	0.47143248175182484	0.5812267711962834	0.5699883049596771	0.17897599204304704	[0.5773809523809523, 0.55625, 0.43795620437956206, 0.5975609756097561, 0.4625]	[0.6222222222222222, 0.2653061224489796, 0.6170212765957447, 0.7407407407407407, 0.6046511627906976]	1784811019	abmil/standard/os/hoptimus1/abmil/cox
cptac_pdac	benchmark_5fold	abmil	standard	os	hoptimus1	abmil	nllsurv	abmil__standard__os__hoptimus1__abmil__s42__nllsurv	5	5	42	3158	c_index	0.5410460061717406	0.09800844720019548	0.4709334757581153	0.6235670731707317	0.5414263984773633	0.15101005332995585	[0.4583333333333333, 0.575, 0.45985401459854014, 0.5182926829268293, 0.69375]	[0.5555555555555556, 0.2857142857142857, 0.6595744680851063, 0.6481481481481481, 0.5581395348837209]	1784810883	abmil/standard/os/hoptimus1/abmil/nllsurv
cptac_pdac	benchmark_5fold	abmil	standard	os	uni_v2	abmil	cox	abmil__standard__os__uni_v2__abmil__s42__cox	5	5	42	3192	c_index	0.5472606437091482	0.05560215873109061	0.5064507299270072	0.5893205574912892	0.5100786563457095	0.19753739282428964	[0.6071428571428571, 0.525, 0.48175182481751827, 0.6036585365853658, 0.51875]	[0.5111111111111111, 0.1836734693877551, 0.6170212765957447, 0.7037037037037037, 0.5348837209302325]	1784810907	abmil/standard/os/uni_v2/abmil/cox
cptac_pdac	benchmark_5fold	abmil	standard	os	uni_v2	abmil	nllsurv	abmil__standard__os__uni_v2__abmil__s42__nllsurv	5	5	42	3105	c_index	0.5561133400306891	0.03025262988609734	0.5328825941338794	0.5819642857142857	0.5538417291156388	0.1343804204732971	[0.6011904761904762, 0.54375, 0.5182481751824818, 0.5548780487804879, 0.5625]	[0.5555555555555556, 0.3469387755102041, 0.5531914893617021, 0.5925925925925926, 0.7209302325581395]	1784810825	abmil/standard/os/uni_v2/abmil/nllsurv
cptac_pdac	benchmark_5fold	abmil	standard	os	virchow2	abmil	cox	abmil__standard__os__virchow2__abmil__s42__cox	5	5	42	3361	c_index	0.5311042159430979	0.06861495540608488	0.47825663165390775	0.582697662601626	0.5973226323901378	0.13719091630120825	[0.6011904761904762, 0.58125, 0.4744525547445255, 0.5548780487804879, 0.44375]	[0.6666666666666666, 0.3673469387755102, 0.6808510638297872, 0.5740740740740741, 0.6976744186046512]	1784811086	abmil/standard/os/virchow2/abmil/cox
cptac_pdac	benchmark_5fold	abmil	standard	os	virchow2	abmil	nllsurv	abmil__standard__os__virchow2__abmil__s42__nllsurv	5	5	42	3334	c_index	0.5500868854752154	0.07198193423237288	0.4915193672270403	0.6003571428571429	0.6556095015938093	0.10193634586188645	[0.6071428571428571, 0.55, 0.43795620437956206, 0.5365853658536586, 0.61875]	[0.6222222222222222, 0.5306122448979592, 0.723404255319149, 0.6111111111111112, 0.7906976744186046]	1784811056	abmil/standard/os/virchow2/abmil/nllsurv
cptac_pdac	benchmark_5fold	clam	standard	immune_class	hoptimus1	clam_mb		clam__standard__immune_class__hoptimus1__clam_mb__s42	5	5	42	22065.611896447954	auc_roc	0.5398430681447344	0.06970236009647064	0.48584432046069426	0.5919086638747746	0.6496547846027083	0.06451241424962083	[0.5851459967122107, 0.6259495067211702, 0.5041134843791392, 0.4466540404040404, 0.5373523125071112]	[0.6686651713825627, 0.6554232804232805, 0.6324929971988795, 0.5566016321165063, 0.7350908418923124]	1784829734	clam/standard/immune_class/hoptimus1/clam_mb
cptac_pdac	benchmark_5fold	clam	standard	immune_class	uni_v2	clam_mb		clam__standard__immune_class__uni_v2__clam_mb__s42	5	5	42	22065.23350945802	auc_roc	0.5516841861859589	0.06011059378693096	0.5018285811432888	0.5984497484452959	0.669816612143347	0.07046022240519058	[0.5136574635513514, 0.6115807319159628, 0.47439852882610634, 0.5484811348781937, 0.6103030717581801]	[0.7613727858293076, 0.5892857142857143, 0.6088235294117647, 0.6981371539723943, 0.6914638772175538]	1784829734	clam/standard/immune_class/uni_v2/clam_mb
cptac_pdac	benchmark_5fold	clam	standard	immune_class	virchow2	clam_mb		clam__standard__immune_class__virchow2__clam_mb__s42	5	5	42	22992.90418161801	auc_roc	0.5814473091787999	0.06369834879997535	0.5323727377174563	0.6324060297393714	0.7177475814739129	0.08311074529972415	[0.6647195946856388, 0.5125725154504409, 0.5620730711179794, 0.5383058526440879, 0.6295655119958525]	[0.7928073000536768, 0.5770502645502645, 0.73109243697479, 0.7258033897621998, 0.7619845160286337]	1784830661	clam/standard/immune_class/virchow2/clam_mb
cptac_pdac	benchmark_5fold	clam	standard	os	hoptimus1	clam_mb	nllsurv	clam__standard__os__hoptimus1__clam_mb__s42__nllsurv	5	5	42	0	c_index	0.5357475923429724	0.10939910300123712	0.46801949015319144	0.6398780487804878	0.5426139294026479	0.14781759419567703	[0.47023809523809523, 0.51875, 0.45255474452554745, 0.5121951219512195, 0.725]	[0.5555555555555556, 0.2857142857142857, 0.5957446808510638, 0.6481481481481481, 0.627906976744186]	1784809046	clam/standard/os/hoptimus1/clam_mb/nllsurv
cptac_pdac	benchmark_5fold	clam	standard	os	uni_v2	clam_mb	nllsurv	clam__standard__os__uni_v2__clam_mb__s42__nllsurv	5	5	42	0	c_index	0.5584920458302601	0.02954787495188279	0.5328193430656933	0.5779616724738676	0.5751923996823975	0.09209683006198169	[0.5892857142857143, 0.55625, 0.5109489051094891, 0.5609756097560976, 0.575]	[0.4888888888888889, 0.5306122448979592, 0.5106382978723404, 0.6481481481481481, 0.6976744186046512]	1784809034	clam/standard/os/uni_v2/clam_mb/nllsurv
cptac_pdac	benchmark_5fold	clam	standard	os	virchow2	clam_mb	nllsurv	clam__standard__os__virchow2__clam_mb__s42__nllsurv	5	5	42	0	c_index	0.5694954835236569	0.07021439704093431	0.5056989941249778	0.6185419207317073	0.6383330360017998	0.09761694480702446	[0.6011904761904762, 0.60625, 0.45985401459854014, 0.5426829268292683, 0.6375]	[0.6444444444444445, 0.4897959183673469, 0.7021276595744681, 0.6111111111111112, 0.7441860465116279]	1784809457	clam/standard/os/virchow2/clam_mb/nllsurv
cptac_pdac	benchmark_5fold	dtfd	standard	immune_class	hoptimus1	dtfd_mil		dtfd__standard__immune_class__hoptimus1__dtfd_mil__s42	5	5	42	294	auc_roc	0.5178648367988892	0.06880356693010305	0.46112532066342116	0.571274451173083	0.7315377498979626	0.043505770756134744	[0.4880821004123212, 0.6055250112176108, 0.4219431270348411, 0.5220588235294118, 0.551715121800261]	[0.7401632351813512, 0.708664021164021, 0.7788515406162465, 0.6692439563148945, 0.7607659962133001]	1784808115	dtfd/standard/immune_class/hoptimus1/dtfd_mil
cptac_pdac	benchmark_5fold	dtfd	standard	immune_class	uni_v2	dtfd_mil		dtfd__standard__immune_class__uni_v2__dtfd_mil__s42	5	5	42	278	auc_roc	0.5100401269392414	0.06025548421623427	0.4627012624612411	0.5543527202895712	0.7133449716805906	0.04897658142800108	[0.49241922009324385, 0.4577063506222266, 0.5812631531796617, 0.4528371954842543, 0.5659747153168205]	[0.7868884671420903, 0.6881613756613757, 0.734733893557423, 0.6966643492959282, 0.6602767727461355]	1784808082	dtfd/standard/immune_class/uni_v2/dtfd_mil
cptac_pdac	benchmark_5fold	dtfd	standard	immune_class	virchow2	dtfd_mil		dtfd__standard__immune_class__virchow2__dtfd_mil__s42	5	5	42	333	auc_roc	0.5786117568337765	0.06283595706362266	0.5302058535731844	0.6251498863896499	0.7297903663694539	0.05773258649653865	[0.620253590966664, 0.6227339203303783, 0.5159847414749376, 0.5041035353535354, 0.6299829960433676]	[0.7806485315543287, 0.6752645502645502, 0.8028011204481792, 0.690772241573157, 0.6994653880070546]	1784808159	dtfd/standard/immune_class/virchow2/dtfd_mil
cptac_pdac	benchmark_5fold	dtfd	standard	os	hoptimus1	dtfd_mil	nllsurv	dtfd__standard__os__hoptimus1__dtfd_mil__s42__nllsurv	5	5	42	3506	c_index	0.5365799931330909	0.07815426219319438	0.4725927668557186	0.59625	0.6274267507871805	0.10658575400027376	[0.5892857142857143, 0.5625, 0.4306569343065693, 0.4817073170731707, 0.61875]	[0.5777777777777777, 0.7959183673469388, 0.5106382978723404, 0.6481481481481481, 0.6046511627906976]	1784811247	dtfd/standard/os/hoptimus1/dtfd_mil/nllsurv
cptac_pdac	benchmark_5fold	dtfd	standard	os	uni_v2	dtfd_mil	nllsurv	dtfd__standard__os__uni_v2__dtfd_mil__s42__nllsurv	5	5	42	3583	c_index	0.5514455267597513	0.07766841147682566	0.49223629161474103	0.6107723214285714	0.5885303631596132	0.1792815830698341	[0.6547619047619048, 0.59375, 0.48905109489051096, 0.4634146341463415, 0.55625]	[0.35555555555555557, 0.46938775510204084, 0.5957446808510638, 0.7777777777777778, 0.7441860465116279]	1784811324	dtfd/standard/os/uni_v2/dtfd_mil/nllsurv
cptac_pdac	benchmark_5fold	dtfd	standard	os	virchow2	dtfd_mil	nllsurv	dtfd__standard__os__virchow2__dtfd_mil__s42__nllsurv	5	5	42	3697	c_index	0.5571820769432929	0.0953007265558624	0.47116440736878695	0.6024999999999999	0.6630196466953377	0.09094547635994114	[0.5952380952380952, 0.60625, 0.38686131386861317, 0.5975609756097561, 0.6]	[0.7111111111111111, 0.7755102040816326, 0.6170212765957447, 0.5370370370370371, 0.6744186046511628]	1784811432	dtfd/standard/os/virchow2/dtfd_mil/nllsurv
cptac_pdac	benchmark_5fold	nnmil	standard	immune_class	hoptimus1	simple_mil		nnmil__standard__immune_class__hoptimus1__simple_mil__s42	5	5	42	4331.503728904179	auc_roc	0.559478767643154	0.08306962832003828	0.5008226169101615	0.6326306014298291	0.6211604910753377	0.1241494646330695	[0.5037836526800873, 0.6011346713117743, 0.5173895622029715, 0.489007724301842, 0.6860782277190945]	[0.6793406372210721, 0.6038359788359788, 0.7901960784313725, 0.4555226322960877, 0.5769071285921776]	1784812019	nnmil/standard/immune_class/hoptimus1/simple_mil
cptac_pdac	benchmark_5fold	nnmil	standard	immune_class	uni_v2	simple_mil		nnmil__standard__immune_class__uni_v2__simple_mil__s42	5	5	42	4403.356385461055	auc_roc	0.5254784834349318	0.06492711162153487	0.4714674980319643	0.5735429511901349	0.6579650304185767	0.0848578112602274	[0.4910219096127415, 0.565288001056502, 0.4336758598301926, 0.5376745395127748, 0.5997321071624477]	[0.7614566559312936, 0.6600529100529101, 0.6628851540616246, 0.6800431706610196, 0.5253872613860359]	1784812092	nnmil/standard/immune_class/uni_v2/simple_mil
cptac_pdac	benchmark_5fold	nnmil	standard	immune_class	virchow2	simple_mil		nnmil__standard__immune_class__virchow2__simple_mil__s42	5	5	42	4724.6161240991205	auc_roc	0.5537460621422304	0.03378077485838269	0.5271208304884526	0.5803853549392599	0.6549163266267267	0.08716477418732681	[0.513179117147708, 0.589004681920558, 0.5861924532702522, 0.5288918597742127, 0.5514621985984215]	[0.7294781841883292, 0.6620370370370371, 0.7490196078431373, 0.5824321072604826, 0.5516146968046477]	1784812412	nnmil/standard/immune_class/virchow2/simple_mil
cptac_pdac	benchmark_5fold	nnmil	standard	os	hoptimus1	simple_mil	cox	nnmil__standard__os__hoptimus1__simple_mil__s42__cox	5	5	42	9190.013280257932	c_index	0.49578032672923183	0.08693920003138911	0.4258401763990268	0.5599999999999999	0.5788236666924729	0.1663042545213825	[0.36904761904761907, 0.5625, 0.45985401459854014, 0.5, 0.5875]	[0.35555555555555557, 0.5918367346938775, 0.48936170212765956, 0.6666666666666666, 0.7906976744186046]	1784816878	nnmil/standard/os/hoptimus1/simple_mil/cox
cptac_pdac	benchmark_5fold	nnmil	standard	os	hoptimus1	simple_mil	nllsurv	nnmil__standard__os__hoptimus1__simple_mil__s42__nllsurv	5	5	42	9190.438423145912	c_index	0.528074965877396	0.10575782016786534	0.45108895614503586	0.6238109756097561	0.6403146702630692	0.10235254569149396	[0.4166666666666667, 0.5875, 0.46715328467153283, 0.4878048780487805, 0.68125]	[0.5777777777777777, 0.7551020408163265, 0.5319148936170213, 0.5925925925925926, 0.7441860465116279]	1784816879	nnmil/standard/os/hoptimus1/simple_mil/nllsurv
cptac_pdac	benchmark_5fold	nnmil	standard	os	uni_v2	simple_mil	cox	nnmil__standard__os__uni_v2__simple_mil__s42__cox	5	5	42	12370.975573527045	c_index	0.5074946272794324	0.09914064789988876	0.43785714285714283	0.5933874844222895	0.5736374268218476	0.11539872634976457	[0.4642857142857143, 0.6625, 0.4306569343065693, 0.5487804878048781, 0.43125]	[0.4444444444444444, 0.6122448979591837, 0.48936170212765956, 0.7407407407407407, 0.5813953488372093]	1784820059	nnmil/standard/os/uni_v2/simple_mil/cox
cptac_pdac	benchmark_5fold	nnmil	standard	os	uni_v2	simple_mil	nllsurv	nnmil__standard__os__uni_v2__simple_mil__s42__nllsurv	5	5	42	9803.949449149892	c_index	0.553210640318082	0.05350756335287537	0.5042355794908314	0.583729674796748	0.5894169721327422	0.038552535048877894	[0.5833333333333334, 0.58125, 0.45985401459854014, 0.5853658536585366, 0.55625]	[0.5777777777777777, 0.6326530612244898, 0.5531914893617021, 0.5555555555555556, 0.627906976744186]	1784817493	nnmil/standard/os/uni_v2/simple_mil/nllsurv
cptac_pdac	benchmark_5fold	nnmil	standard	os	virchow2	simple_mil	cox	nnmil__standard__os__virchow2__simple_mil__s42__cox	5	5	42	10369.970564305782	c_index	0.4779427142941919	0.054494202574995786	0.4472665645637817	0.5292000580720092	0.5350300379649358	0.13409247011478861	[0.47023809523809523, 0.4375, 0.45255474452554745, 0.573170731707317, 0.45625]	[0.4222222222222222, 0.3673469387755102, 0.5957446808510638, 0.6851851851851852, 0.6046511627906976]	1784818058	nnmil/standard/os/virchow2/simple_mil/cox
cptac_pdac	benchmark_5fold	nnmil	standard	os	virchow2	simple_mil	nllsurv	nnmil__standard__os__virchow2__simple_mil__s42__nllsurv	5	5	42	9619.497243268997	c_index	0.5279543286960503	0.0674590687962761	0.474837228820672	0.58014568815331	0.6198373839612266	0.16183104364595527	[0.5178571428571429, 0.60625, 0.45255474452554745, 0.47560975609756095, 0.5875]	[0.6, 0.3877551020408163, 0.723404255319149, 0.5740740740740741, 0.813953488372093]	1784817308	nnmil/standard/os/virchow2/simple_mil/nllsurv
cptac_pdac	benchmark_5fold	titan	standard	immune_class	titan	titan		titan__standard__immune_class__titan__titan__s42	5	5	42	79.40019798278809	auc_roc	0.536084205614358	0.06374035709908721	0.48931382570476745	0.5861131033319689	0.5797134864596558	0.11587038440067704	[0.6236528822055138, 0.5298034350216513, 0.48176732139413986, 0.5737336601307189, 0.4714637293197665]	[0.5975624952074228, 0.4546957671957672, 0.7432773109243698, 0.4829140433259427, 0.6201178156447764]	1785053800	titan/standard/immune_class/titan/titan
cptac_pdac	benchmark_5fold	titan	standard	os	titan	titan	cox	titan__standard__os__titan__titan__s42__cox	5	5	42	69.19650888442993	c_index	0.5422418762769483	0.11123950616200699	0.4582116788321168	0.6305603948896632	0.5961378391589744	0.0725476914946546	[0.6488095238095238, 0.5625, 0.41605839416058393, 0.6463414634146342, 0.4375]	[0.5333333333333333, 0.6122448979591837, 0.6382978723404256, 0.6851851851851852, 0.5116279069767442]	1785053870	titan/standard/os/titan/titan/cox
cptac_pdac	benchmark_5fold	titan	standard	os	titan	titan	nllsurv	titan__standard__os__titan__titan__s42__nllsurv	5	5	42	61.89041352272034	c_index	0.5773565684952991	0.09994482566786349	0.4946945603058742	0.6460656213704995	0.6334973182191673	0.10318204522111289	[0.6190476190476191, 0.60625, 0.41605839416058393, 0.6829268292682927, 0.5625]	[0.6, 0.7346938775510204, 0.723404255319149, 0.48148148148148145, 0.627906976744186]	1785053934	titan/standard/os/titan/titan/nllsurv
tcga_hnsc	benchmark_5fold	abmil	standard	grade	hoptimus1	abmil		abmil__standard__grade__hoptimus1__abmil__s42	5	5	42	576	auc_roc	0.6725971549358646	0.07508079921868721	0.6127303222464513	0.7324639876252779	0.7128822412155745	0.09282893121406796	[0.6809341494825366, 0.7436464371948243, 0.5904063976644621, 0.6009523332103978, 0.7470464571271022]	[0.7716197768281101, 0.7713853276353276, 0.62346569325736, 0.7969848053181386, 0.6009556030389364]	1784813890	abmil/standard/grade/hoptimus1/abmil
tcga_hnsc	benchmark_5fold	abmil	standard	grade	uni_v2	abmil		abmil__standard__grade__uni_v2__abmil__s42	5	5	42	476	auc_roc	0.6958049596759274	0.09640938147822235	0.6199761051373954	0.7716338142144592	0.7116642924976259	0.09539485182993483	[0.7821952838081869, 0.7265558217171121, 0.5987375826085504, 0.5879247693763823, 0.7836113408694053]	[0.8053626543209876, 0.7784900284900286, 0.6173967236467237, 0.7562351614434948, 0.6008368945868946]	1784813738	abmil/standard/grade/uni_v2/abmil
tcga_hnsc	benchmark_5fold	abmil	standard	grade	virchow2	abmil		abmil__standard__grade__virchow2__abmil__s42	5	5	42	1041	auc_roc	0.6600098975098974	0.0589651000949175	0.6130585066068936	0.7030611626276949	0.7245993589743589	0.1002575331099561	[0.7384124835737739, 0.6802727439824213, 0.6127233578846483, 0.5907654770557996, 0.6778754250528444]	[0.7881083808167141, 0.7902362298195631, 0.6058790360873694, 0.8135030864197531, 0.6252700617283952]	1784814638	abmil/standard/grade/virchow2/abmil
tcga_hnsc	benchmark_5fold	abmil	standard	os	hoptimus1	abmil	cox	abmil__standard__os__hoptimus1__abmil__s42__cox	5	5	42	10228	c_index	0.5778561008777763	0.03247825103895934	0.5522166395492449	0.6029842721211274	0.567271920925237	0.11266609724560149	[0.5982431807674526, 0.5426770126091174, 0.5452334630350194, 0.5878186968838527, 0.6153081510934394]	[0.4838012958963283, 0.7599206349206349, 0.5717171717171717, 0.5209205020920502, 0.5]	1784823029	abmil/standard/os/hoptimus1/abmil/cox
tcga_hnsc	benchmark_5fold	abmil	standard	os	hoptimus1	abmil	nllsurv	abmil__standard__os__hoptimus1__abmil__s42__nllsurv	5	5	42	11283	c_index	0.5796099257957955	0.06037237141922649	0.5448011193501638	0.6322359864918927	0.5478925846040483	0.04742542532936777	[0.6846971798428109, 0.549466537342386, 0.5535019455252919, 0.5745986779981114, 0.5357852882703777]	[0.48812095032397407, 0.5456349206349206, 0.5313131313131313, 0.6192468619246861, 0.5551470588235294]	1784824053	abmil/standard/os/hoptimus1/abmil/nllsurv
tcga_hnsc	benchmark_5fold	abmil	standard	os	uni_v2	abmil	cox	abmil__standard__os__uni_v2__abmil__s42__cox	5	5	42	10784	c_index	0.5673972020070506	0.025864427009790216	0.5482479916263223	0.5883995150686265	0.5880917515644652	0.10034326343459546	[0.5344429033749422, 0.555286129970902, 0.5627431906614786, 0.5826251180358829, 0.6018886679920478]	[0.4406047516198704, 0.7162698412698413, 0.6303030303030303, 0.5815899581589958, 0.5716911764705882]	1784823570	abmil/standard/os/uni_v2/abmil/cox
tcga_hnsc	benchmark_5fold	abmil	standard	os	uni_v2	abmil	nllsurv	abmil__standard__os__uni_v2__abmil__s42__nllsurv	5	5	42	12355	c_index	0.5646011982098889	0.03652965652018498	0.5425347650666967	0.5963383568411504	0.554805883344043	0.048924503066759314	[0.6264447526583449, 0.5528612997090203, 0.5413424124513618, 0.56657223796034, 0.5357852882703777]	[0.4773218142548596, 0.5357142857142857, 0.5898989898989899, 0.5920502092050209, 0.5790441176470589]	1784825120	abmil/standard/os/uni_v2/abmil/nllsurv
tcga_hnsc	benchmark_5fold	abmil	standard	os	virchow2	abmil	cox	abmil__standard__os__virchow2__abmil__s42__cox	5	5	42	11360	c_index	0.5728157326321893	0.029583487354462628	0.5486032249809482	0.5954047532615838	0.568218799249914	0.0779829906779078	[0.5959315765141008, 0.5354025218234724, 0.5559338521400778, 0.5684608120868744, 0.6083499005964215]	[0.4794816414686825, 0.6805555555555556, 0.5131313131313131, 0.5962343096234309, 0.5716911764705882]	1784824185	abmil/standard/os/virchow2/abmil/cox
tcga_hnsc	benchmark_5fold	abmil	standard	os	virchow2	abmil	nllsurv	abmil__standard__os__virchow2__abmil__s42__nllsurv	5	5	42	12522	c_index	0.582102701018177	0.03742327457200897	0.5525828688100782	0.6113573639129835	0.5681302168066695	0.07158651334876585	[0.6292186777623671, 0.5373423860329777, 0.5627431906614786, 0.5698772426817753, 0.6113320079522863]	[0.48812095032397407, 0.5634920634920635, 0.5232323232323233, 0.6757322175732218, 0.5900735294117647]	1784825309	abmil/standard/os/virchow2/abmil/nllsurv
tcga_hnsc	benchmark_5fold	clam	standard	grade	hoptimus1	clam_mb		clam__standard__grade__hoptimus1__clam_mb__s42	5	5	42	17962.992533123004	auc_roc	0.6740680227777001	0.08213012231923794	0.611350584898972	0.7426887031725741	0.6448723884140551	0.10218413957456857	[0.6893997877868846, 0.7783477573800154, 0.5788517336904433, 0.6048248346635443, 0.7189160003676133]	[0.744542378917379, 0.6440853513770181, 0.6111585944919279, 0.7318108974358974, 0.4927647198480532]	1784830581	clam/standard/grade/hoptimus1/clam_mb
tcga_hnsc	benchmark_5fold	clam	standard	grade	uni_v2	clam_mb		clam__standard__grade__uni_v2__clam_mb__s42	5	5	42	17902.294983259984	auc_roc	0.6949333462236688	0.089682392419734	0.6271086500118758	0.7627580424354617	0.6725255223171891	0.08390335904769548	[0.7593194738356028, 0.7744688405978728, 0.594273647499454, 0.6003911858750568, 0.7462135833103575]	[0.7808374881291549, 0.7157259021842356, 0.6124050332383666, 0.6850130579297247, 0.5686461301044634]	1784830520	clam/standard/grade/uni_v2/clam_mb
tcga_hnsc	benchmark_5fold	clam	standard	grade	virchow2	clam_mb		clam__standard__grade__virchow2__clam_mb__s42	5	5	42	22187.732042343938	auc_roc	0.7139423897488413	0.07984578676403695	0.6509394428749268	0.7727225561177175	0.7038669278252613	0.07053091451667057	[0.7430052921988405, 0.7673295342650182, 0.6687591679527163, 0.5976600460471428, 0.792957908280489]	[0.7565527065527066, 0.7378947056030389, 0.7067248338081672, 0.7363633665717, 0.5817990265906933]	1784834806	clam/standard/grade/virchow2/clam_mb
tcga_hnsc	benchmark_5fold	clam	standard	os	hoptimus1	clam_mb	nllsurv	clam__standard__os__hoptimus1__clam_mb__s42__nllsurv	5	5	42	0	c_index	0.5820976011944483	0.07027264400185751	0.5349513568218754	0.6424292813981921	0.5834611668623046	0.056310076376326935	[0.6976421636615812, 0.5324927255092143, 0.52431906614786, 0.5949008498583569, 0.5611332007952287]	[0.5118790496760259, 0.6567460317460317, 0.5474747474747474, 0.6129707112970711, 0.5882352941176471]	1784815023	clam/standard/os/hoptimus1/clam_mb/nllsurv
tcga_hnsc	benchmark_5fold	clam	standard	os	uni_v2	clam_mb	nllsurv	clam__standard__os__uni_v2__clam_mb__s42__nllsurv	5	5	42	0	c_index	0.5854005286804969	0.03611634149150372	0.5566369453964695	0.6138414954076573	0.5906665754838422	0.06646235592382037	[0.6380027739251041, 0.5426770126091174, 0.5622568093385214, 0.591123701605288, 0.5929423459244533]	[0.490280777537797, 0.6388888888888888, 0.5656565656565656, 0.600418410041841, 0.6580882352941176]	1784815303	clam/standard/os/uni_v2/clam_mb/nllsurv
tcga_hnsc	benchmark_5fold	clam	standard	os	virchow2	clam_mb	nllsurv	clam__standard__os__virchow2__clam_mb__s42__nllsurv	5	5	42	0	c_index	0.5842161910811177	0.041447007547421956	0.5471796812373222	0.6136479039343944	0.5594481073799114	0.061809490713350394	[0.6333795654184003, 0.520368574199806, 0.5753891050583657, 0.5925401322001889, 0.5994035785288271]	[0.4794816414686825, 0.5734126984126984, 0.5212121212121212, 0.5815899581589958, 0.6415441176470589]	1784816010	clam/standard/os/virchow2/clam_mb/nllsurv
tcga_hnsc	benchmark_5fold	dtfd	standard	grade	hoptimus1	dtfd_mil		dtfd__standard__grade__hoptimus1__dtfd_mil__s42	5	5	42	1491	auc_roc	0.6469605334927915	0.08755923504186071	0.5773244795825441	0.7079542440832765	0.7176038698955365	0.06272958916142382	[0.7396965638901123, 0.6977651977651979, 0.6648476971057616, 0.6216359805069482, 0.5108572281959378]	[0.7587191358024691, 0.747610992402659, 0.6204208214624881, 0.7716524216524215, 0.6896159781576449]	1784814935	dtfd/standard/grade/hoptimus1/dtfd_mil
tcga_hnsc	benchmark_5fold	dtfd	standard	grade	uni_v2	dtfd_mil		dtfd__standard__grade__uni_v2__dtfd_mil__s42	5	5	42	1158	auc_roc	0.6413459091684899	0.08907290355724505	0.5761731458505652	0.7054927748476135	0.7245364434947769	0.08453897629227702	[0.7491687225558193, 0.7051114655953366, 0.618903497935756, 0.6137740097417517, 0.5197718500137855]	[0.8080870132953466, 0.7965396486229821, 0.6593690645773979, 0.7429457502374168, 0.6157407407407408]	1784814342	dtfd/standard/grade/uni_v2/dtfd_mil
tcga_hnsc	benchmark_5fold	dtfd	standard	grade	virchow2	dtfd_mil		dtfd__standard__grade__virchow2__dtfd_mil__s42	5	5	42	1956	auc_roc	0.6274547644708935	0.10654883995310667	0.5483586127134514	0.7071447668221862	0.759684829059829	0.05495256650840572	[0.7269545269545269, 0.7546065941227232, 0.5726015919564307, 0.5696323389871777, 0.5134787703336091]	[0.821812678062678, 0.780846391263058, 0.7176252374169042, 0.789826685660019, 0.6883131528964862]	1784815453	dtfd/standard/grade/virchow2/dtfd_mil
tcga_hnsc	benchmark_5fold	dtfd	standard	os	hoptimus1	dtfd_mil	nllsurv	dtfd__standard__os__hoptimus1__dtfd_mil__s42__nllsurv	5	5	42	12048	c_index	0.5807070739989806	0.054048005830178034	0.539062949321681	0.6220426696896517	0.5729377452757902	0.043946774416211566	[0.6551086453999075, 0.5286129970902037, 0.5301556420233463, 0.5793201133144475, 0.610337972166998]	[0.5442764578833693, 0.6051587301587301, 0.5656565656565656, 0.5209205020920502, 0.6286764705882353]	1784824845	dtfd/standard/os/hoptimus1/dtfd_mil/nllsurv
tcga_hnsc	benchmark_5fold	dtfd	standard	os	uni_v2	dtfd_mil	nllsurv	dtfd__standard__os__uni_v2__dtfd_mil__s42__nllsurv	5	5	42	13205	c_index	0.600029041483976	0.03809837229931844	0.5667139689563779	0.6267143552930503	0.6085626688552662	0.06249854367700674	[0.6412390198797966, 0.5397672162948594, 0.5938715953307393, 0.6203966005665722, 0.6048707753479126]	[0.5118790496760259, 0.5892857142857143, 0.6545454545454545, 0.6694560669456067, 0.6176470588235294]	1784825985	dtfd/standard/os/uni_v2/dtfd_mil/nllsurv
tcga_hnsc	benchmark_5fold	dtfd	standard	os	virchow2	dtfd_mil	nllsurv	dtfd__standard__os__virchow2__dtfd_mil__s42__nllsurv	5	5	42	13068	c_index	0.5571831085136377	0.06078484223355055	0.5125237307064942	0.6087061966395224	0.5609605893683972	0.0522890785179618	[0.6000924641701341, 0.524733268671193, 0.5019455252918288, 0.5169971671388102, 0.6421471172962226]	[0.4838012958963283, 0.5734126984126984, 0.5353535353535354, 0.6129707112970711, 0.5992647058823529]	1784825887	dtfd/standard/os/virchow2/dtfd_mil/nllsurv
tcga_hnsc	benchmark_5fold	nnmil	standard	grade	hoptimus1	simple_mil		nnmil__standard__grade__hoptimus1__simple_mil__s42	5	5	42	8837.976486675907	auc_roc	0.6413124121995091	0.12849434031780907	0.5448670176895984	0.7347545166900007	0.681369301994302	0.13539071710256173	[0.7586625739851547, 0.7658825344309216, 0.6246823666178506, 0.6031656217140088, 0.45416896424960945]	[0.7966049382716051, 0.685695631528965, 0.6819058641975309, 0.7838200379867047, 0.4588200379867046]	1784821457	nnmil/standard/grade/hoptimus1/simple_mil
tcga_hnsc	benchmark_5fold	nnmil	standard	grade	uni_v2	simple_mil		nnmil__standard__grade__uni_v2__simple_mil__s42	5	5	42	9673.66606648406	auc_roc	0.6643478266058912	0.09880540012784281	0.5890390416035578	0.7437209863016315	0.6526602564102565	0.11689591190091711	[0.8010963946447819, 0.7300312889022567, 0.569689181785956, 0.5852844586715554, 0.6356378090249059]	[0.7865473646723647, 0.6596064814814815, 0.5953970797720798, 0.733173076923077, 0.48857727920227917]	1784822292	nnmil/standard/grade/uni_v2/simple_mil
tcga_hnsc	benchmark_5fold	nnmil	standard	grade	virchow2	simple_mil		nnmil__standard__grade__virchow2__simple_mil__s42	5	5	42	9271.08533786307	auc_roc	0.7126133066455648	0.07514162163565645	0.6541314181636763	0.7690944419976679	0.7142105887939221	0.0843111622442813	[0.7867145399403465, 0.7540990073248138, 0.6390788721433883, 0.6242020524278589, 0.7589720613914163]	[0.7679962013295346, 0.7515046296296296, 0.6471866096866097, 0.8005905745489078, 0.6037749287749289]	1784821890	nnmil/standard/grade/virchow2/simple_mil
tcga_hnsc	benchmark_5fold	nnmil	standard	os	hoptimus1	simple_mil	cox	nnmil__standard__os__hoptimus1__simple_mil__s42__cox	5	5	42	21136.70896955894	c_index	0.55847839282897	0.04820684685295204	0.5228245405889491	0.5981645035014141	0.5894929779949155	0.0947560334022905	[0.49976883957466484, 0.5344325897187197, 0.5457198443579766, 0.5897072710103871, 0.6227634194831014]	[0.5680345572354212, 0.75, 0.5797979797979798, 0.5, 0.5496323529411765]	1784833755	nnmil/standard/os/hoptimus1/simple_mil/cox
tcga_hnsc	benchmark_5fold	nnmil	standard	os	hoptimus1	simple_mil	nllsurv	nnmil__standard__os__hoptimus1__simple_mil__s42__nllsurv	5	5	42	18689.94083324098	c_index	0.5943085489037027	0.0681441689072736	0.5493969191602172	0.6515178621147134	0.5578719823698678	0.0552233057432061	[0.705039297272307, 0.5504364694471388, 0.5457198443579766, 0.615675165250236, 0.5546719681908548]	[0.46652267818574517, 0.5615079365079365, 0.5858585858585859, 0.6129707112970711, 0.5625]	1784831308	nnmil/standard/os/hoptimus1/simple_mil/nllsurv
tcga_hnsc	benchmark_5fold	nnmil	standard	os	uni_v2	simple_mil	cox	nnmil__standard__os__uni_v2__simple_mil__s42__cox	5	5	42	31650.364988574875	c_index	0.5705872645970765	0.06079418665521614	0.5261666501538401	0.6168906539962336	0.6159669732313996	0.08552573050936116	[0.5899214054553861, 0.5077594568380214, 0.5778210116731517, 0.5188857412653447, 0.6585487077534792]	[0.5593952483801296, 0.7242063492063492, 0.6505050505050505, 0.50418410041841, 0.6415441176470589]	1784844269	nnmil/standard/os/uni_v2/simple_mil/cox
tcga_hnsc	benchmark_5fold	nnmil	standard	os	uni_v2	simple_mil	nllsurv	nnmil__standard__os__uni_v2__simple_mil__s42__nllsurv	5	5	42	18683.44153096911	c_index	0.5481079661783246	0.06491183443391857	0.4972271778223792	0.6040375340256233	0.550778329599728	0.0443258334282601	[0.6449375866851595, 0.5475266731328807, 0.5505836575875487, 0.4627006610009443, 0.5347912524850894]	[0.5334773218142549, 0.503968253968254, 0.5535353535353535, 0.5397489539748954, 0.6231617647058824]	1784831302	nnmil/standard/os/uni_v2/simple_mil/nllsurv
tcga_hnsc	benchmark_5fold	nnmil	standard	os	virchow2	simple_mil	cox	nnmil__standard__os__virchow2__simple_mil__s42__cox	5	5	42	15633.577685049037	c_index	0.5669854293642491	0.04031641308890716	0.5354654413641764	0.5980676805267022	0.6098243029028547	0.06839606277421185	[0.5339805825242718, 0.5155189136760426, 0.5967898832684825, 0.6081208687440982, 0.5805168986083499]	[0.6069114470842333, 0.7023809523809523, 0.5111111111111111, 0.6276150627615062, 0.6011029411764706]	1784828252	nnmil/standard/os/virchow2/simple_mil/cox
tcga_hnsc	benchmark_5fold	nnmil	standard	os	virchow2	simple_mil	nllsurv	nnmil__standard__os__virchow2__simple_mil__s42__nllsurv	5	5	42	19690.05275189993	c_index	0.5676012282170003	0.04023548575679006	0.5362391625547932	0.5954616884474468	0.6070578756456706	0.06938762911379774	[0.5256588072122053, 0.5266731328806984, 0.5958171206225681, 0.5755429650613787, 0.614314115308151]	[0.5269978401727862, 0.6329365079365079, 0.5434343434343434, 0.6903765690376569, 0.6415441176470589]	1784832309	nnmil/standard/os/virchow2/simple_mil/nllsurv
tcga_hnsc	benchmark_5fold	titan	standard	grade	titan	titan		titan__standard__grade__titan__titan__s42	5	5	42	130.87161493301392	auc_roc	0.6648971070745264	0.05193493767033153	0.6238912551009326	0.7035505921050277	0.7117034662867996	0.09279603689939554	[0.6932241891919312, 0.7186285339511146, 0.6034117316375381, 0.615193647451712, 0.6940274331403363]	[0.8046652421652422, 0.7207769468186135, 0.5672127255460588, 0.7773237179487179, 0.6885386989553656]	1785026049	titan/standard/grade/titan/titan
tcga_hnsc	benchmark_5fold	titan	standard	os	titan	titan	cox	titan__standard__os__titan__titan__s42__cox	5	5	42	151.8148226737976	c_index	0.5738492117048337	0.0801001017376586	0.5163390158019678	0.6403287765560413	0.6248610187464125	0.12912480109970567	[0.6934812760055479, 0.502909796314258, 0.5252918287937743, 0.5292728989612843, 0.6182902584493042]	[0.4060475161987041, 0.7341269841269841, 0.6525252525252525, 0.702928870292887, 0.6286764705882353]	1785026204	titan/standard/os/titan/titan/cox
tcga_hnsc	benchmark_5fold	titan	standard	os	titan	titan	nllsurv	titan__standard__os__titan__titan__s42__nllsurv	5	5	42	166.0549077987671	c_index	0.5921978490451812	0.08358161834091954	0.5285985461930758	0.6568388589865082	0.5979590090227791	0.11767767174922866	[0.7078132223763292, 0.5033947623666344, 0.5894941634241245, 0.5236071765816809, 0.6366799204771372]	[0.39740820734341253, 0.6785714285714286, 0.593939393939394, 0.6820083682008368, 0.6378676470588235]	1785026373	titan/standard/os/titan/titan/nllsurv
tcga_lgg	benchmark_5fold	abmil	standard	idh1	hoptimus1	abmil		abmil__standard__idh1__hoptimus1__abmil__s42	5	5	42	791	auc_roc	0.8821051669906763	0.03618258357003954	0.8527989468949823	0.9081762478806223	0.8749601275917065	0.08130886944772066	[0.8713105076741441, 0.9103277674706245, 0.8274521531100478, 0.8827751196172249, 0.9186602870813397]	[0.7990430622009569, 0.972027972027972, 0.8531468531468531, 0.9487179487179488, 0.8018648018648018]	1784651281	abmil/standard/idh1/hoptimus1/abmil
tcga_lgg	benchmark_5fold	abmil	standard	idh1	uni_v2	abmil		abmil__standard__idh1__uni_v2__abmil__s42	5	5	42	634	auc_roc	0.8546064097670385	0.028158288466652564	0.8341242717182566	0.880247623190207	0.8434302539565698	0.07272301548942044	[0.8695395513577332, 0.8388991960420531, 0.8235645933014354, 0.8953349282296651, 0.8456937799043063]	[0.8325358851674641, 0.9324009324009324, 0.787878787878788, 0.9020979020979021, 0.7622377622377623]	1784651150	abmil/standard/idh1/uni_v2/abmil
tcga_lgg	benchmark_5fold	abmil	standard	idh1	virchow2	abmil		abmil__standard__idh1__virchow2__abmil__s42	5	5	42	1138	auc_roc	0.7802478081271655	0.04672326792115667	0.7477002867262609	0.8252392344497608	0.8092994724573671	0.08455080794939991	[0.7508854781582055, 0.779839208410637, 0.7359449760765551, 0.777511961722488, 0.8570574162679426]	[0.722488038277512, 0.8531468531468531, 0.7668997668997669, 0.9347319347319347, 0.7692307692307693]	1784652260	abmil/standard/idh1/virchow2/abmil
tcga_lgg	benchmark_5fold	abmil	standard	os	hoptimus1	abmil	cox	abmil__standard__os__hoptimus1__abmil__s42__cox	5	5	42	10016	c_index	0.7578914785012827	0.040902969887291925	0.7263087689137215	0.789474188088844	0.7396293474371403	0.07804348349302354	[0.7298850574712644, 0.7028571428571428, 0.7931609674728941, 0.7974947807933194, 0.7660594439117929]	[0.7553191489361702, 0.8419243986254296, 0.7301038062283737, 0.6234309623430963, 0.7473684210526316]	1784947353	abmil/standard/os/hoptimus1/abmil/cox
tcga_lgg	benchmark_5fold	abmil	standard	os	hoptimus1	abmil	nllsurv	abmil__standard__os__hoptimus1__abmil__s42__nllsurv	5	5	42	10892	c_index	0.7601508686422778	0.046972223951241024	0.723024520338105	0.79727721694645	0.7279947874110972	0.11356023090700104	[0.7068965517241379, 0.7152380952380952, 0.7998331943286072, 0.8079331941544885, 0.7708533077660594]	[0.75177304964539, 0.8762886597938144, 0.7820069204152249, 0.5983263598326359, 0.631578947368421]	1784948331	abmil/standard/os/hoptimus1/abmil/nllsurv
tcga_lgg	benchmark_5fold	abmil	standard	os	uni_v2	abmil	cox	abmil__standard__os__uni_v2__abmil__s42__cox	5	5	42	10775	c_index	0.7492666322846826	0.049939843928046644	0.7090699904122724	0.7853447389855607	0.7308840582439593	0.08567166572517984	[0.7275862068965517, 0.6761904761904762, 0.8065054211843202, 0.7776617954070981, 0.7583892617449665]	[0.7340425531914894, 0.8556701030927835, 0.71280276816609, 0.6150627615062761, 0.7368421052631579]	1784948107	abmil/standard/os/uni_v2/abmil/cox
tcga_lgg	benchmark_5fold	abmil	standard	os	uni_v2	abmil	nllsurv	abmil__standard__os__uni_v2__abmil__s42__nllsurv	5	5	42	11189	c_index	0.7538939224859167	0.05049459824896587	0.7145119846596357	0.7931558263694376	0.7036464554205739	0.10417888350402288	[0.7540229885057471, 0.6885714285714286, 0.8073394495412844, 0.7985386221294363, 0.7209971236816874]	[0.6347517730496454, 0.872852233676976, 0.7197231833910035, 0.606694560669456, 0.6842105263157895]	1784948615	abmil/standard/os/uni_v2/abmil/nllsurv
tcga_lgg	benchmark_5fold	abmil	standard	os	virchow2	abmil	cox	abmil__standard__os__virchow2__abmil__s42__cox	5	5	42	13724	c_index	0.7169457009950031	0.05023679538430144	0.6776754058253711	0.7562159961646351	0.7656059929237029	0.06841875296007587	[0.674712643678161, 0.6695238095238095, 0.7639699749791493, 0.7766179540709812, 0.6999041227229147]	[0.7588652482269503, 0.8762886597938144, 0.7162629757785467, 0.702928870292887, 0.7736842105263158]	1784951223	abmil/standard/os/virchow2/abmil/cox
tcga_lgg	benchmark_5fold	abmil	standard	os	virchow2	abmil	nllsurv	abmil__standard__os__virchow2__abmil__s42__nllsurv	5	5	42	13107	c_index	0.7255636248748255	0.03376571161079416	0.6994701145169713	0.7535733056890559	0.7111840837193714	0.0732431300520118	[0.7183908045977011, 0.6780952380952381, 0.7180984153461217, 0.7682672233820459, 0.7449664429530202]	[0.6702127659574468, 0.8384879725085911, 0.7093425605536332, 0.6694560669456067, 0.6684210526315789]	1784950488	abmil/standard/os/virchow2/abmil/nllsurv
tcga_lgg	benchmark_5fold	clam	standard	idh1	hoptimus1	clam_mb		clam__standard__idh1__hoptimus1__clam_mb__s42	5	5	42	16497.17647274601	auc_roc	0.8664712252887237	0.023218316955048415	0.8491309442437261	0.8834819486733363	0.8275058275058275	0.07769619259906271	[0.8884297520661157, 0.8589981447124304, 0.8343301435406699, 0.8606459330143541, 0.8899521531100478]	[0.7272727272727273, 0.9114219114219113, 0.8438228438228439, 0.8857808857808858, 0.7692307692307692]	1784665859	clam/standard/idh1/hoptimus1/clam_mb
tcga_lgg	benchmark_5fold	clam	standard	idh1	uni_v2	clam_mb		clam__standard__idh1__uni_v2__clam_mb__s42	5	5	42	16403.00888781296	auc_roc	0.8495954319091709	0.03839086884831997	0.8214334537642808	0.8860755785567814	0.8566801619433198	0.09104939907528274	[0.8624557260920898, 0.810760667903525, 0.8157894736842105, 0.9049043062200957, 0.854066985645933]	[0.7799043062200957, 0.9673659673659674, 0.7995337995337995, 0.9440559440559441, 0.7925407925407926]	1784665765	clam/standard/idh1/uni_v2/clam_mb
tcga_lgg	benchmark_5fold	clam	standard	idh1	virchow2	clam_mb		clam__standard__idh1__virchow2__clam_mb__s42	5	5	42	21696.068463832955	auc_roc	0.7914557645589771	0.05429869603390255	0.7520535399892885	0.8380382775119617	0.7566433566433567	0.12721166256243174	[0.7455726092089728, 0.7631416202844775, 0.7529904306220095, 0.8708133971291866, 0.8247607655502392]	[0.5454545454545454, 0.8181818181818181, 0.7668997668997669, 0.8834498834498834, 0.7692307692307693]	1784671058	clam/standard/idh1/virchow2/clam_mb
tcga_lgg	benchmark_5fold	clam	standard	os	hoptimus1	clam_mb	nllsurv	clam__standard__os__hoptimus1__clam_mb__s42__nllsurv	5	5	42	0	c_index	0.7516120092803811	0.03825546396801252	0.7223520128718	0.7808720056889623	0.7214741326781413	0.1020016140314703	[0.7137931034482758, 0.7076190476190476, 0.7764804003336113, 0.791231732776618, 0.7689357622243528]	[0.7375886524822695, 0.8384879725085911, 0.7854671280276817, 0.5774058577405857, 0.6684210526315789]	1784938763	clam/standard/os/hoptimus1/clam_mb/nllsurv
tcga_lgg	benchmark_5fold	clam	standard	os	uni_v2	clam_mb	nllsurv	clam__standard__os__uni_v2__clam_mb__s42__nllsurv	5	5	42	0	c_index	0.7579012116787902	0.046729320892197196	0.7239245765420262	0.7953890196632764	0.7034840257931327	0.09712366702717808	[0.7436781609195402, 0.6952380952380952, 0.8131776480400333, 0.7943632567849687, 0.7430488974113135]	[0.6418439716312057, 0.8591065292096219, 0.726643598615917, 0.6108786610878661, 0.6789473684210526]	1784938859	clam/standard/os/uni_v2/clam_mb/nllsurv
tcga_lgg	benchmark_5fold	clam	standard	os	virchow2	clam_mb	nllsurv	clam__standard__os__virchow2__clam_mb__s42__nllsurv	5	5	42	0	c_index	0.7078611294517959	0.039399051036425416	0.6756243630711718	0.7331531886927719	0.6978940142513219	0.11591978139942517	[0.7011494252873564, 0.6428571428571429, 0.74395329441201, 0.7265135699373695, 0.7248322147651006]	[0.6773049645390071, 0.8694158075601375, 0.7093425605536332, 0.5439330543933054, 0.6894736842105263]	1784939654	clam/standard/os/virchow2/clam_mb/nllsurv
tcga_lgg	benchmark_5fold	dtfd	standard	idh1	hoptimus1	dtfd_mil		dtfd__standard__idh1__hoptimus1__dtfd_mil__s42	5	5	42	1705	auc_roc	0.8502428592141511	0.012235601353721915	0.8408976987924357	0.8595880196358665	0.870690712795976	0.07832546791522874	[0.8600944510035419, 0.8354978354978355, 0.860645933014354, 0.8385167464114832, 0.8564593301435407]	[0.784688995215311, 0.9696969696969696, 0.8438228438228438, 0.9347319347319348, 0.8205128205128205]	1784652071	dtfd/standard/idh1/hoptimus1/dtfd_mil
tcga_lgg	benchmark_5fold	dtfd	standard	idh1	uni_v2	dtfd_mil		dtfd__standard__idh1__uni_v2__dtfd_mil__s42	5	5	42	1674	auc_roc	0.8559490520871245	0.038576978405001044	0.8317172802135208	0.8932004598272542	0.8525334314808	0.07966271738096352	[0.8565525383707202, 0.8286951144094, 0.8283492822966507, 0.9216507177033493, 0.8444976076555024]	[0.7894736842105263, 0.958041958041958, 0.8041958041958042, 0.9184149184149184, 0.7925407925407925]	1784652124	dtfd/standard/idh1/uni_v2/dtfd_mil
tcga_lgg	benchmark_5fold	dtfd	standard	idh1	virchow2	dtfd_mil		dtfd__standard__idh1__virchow2__dtfd_mil__s42	5	5	42	1638	auc_roc	0.7891786727740248	0.04341050786359651	0.7496504691480768	0.8135899074723408	0.8021101705312231	0.07139622123395659	[0.8146399055489965, 0.8082869511440939, 0.7129186602870813, 0.7948564593301435, 0.8151913875598086]	[0.6842105263157894, 0.8298368298368298, 0.7878787878787878, 0.8601398601398601, 0.8484848484848484]	1784652505	dtfd/standard/idh1/virchow2/dtfd_mil
tcga_lgg	benchmark_5fold	dtfd	standard	os	hoptimus1	dtfd_mil	nllsurv	dtfd__standard__os__hoptimus1__dtfd_mil__s42__nllsurv	5	5	42	12212	c_index	0.7626085132968768	0.03774900521920382	0.7330535039287642	0.7921635226649894	0.7293474154376514	0.08522956385272246	[0.7229885057471265, 0.7342857142857143, 0.8023352793994996, 0.802713987473904, 0.75071907957814]	[0.7092198581560284, 0.8625429553264605, 0.6643598615916955, 0.6527196652719666, 0.7578947368421053]	1784949560	dtfd/standard/os/hoptimus1/dtfd_mil/nllsurv
tcga_lgg	benchmark_5fold	dtfd	standard	os	uni_v2	dtfd_mil	nllsurv	dtfd__standard__os__uni_v2__dtfd_mil__s42__nllsurv	5	5	42	11408	c_index	0.7686101199171318	0.030020243346347165	0.7461500314080736	0.7935335473711915	0.7241886156411139	0.08815769722942222	[0.7471264367816092, 0.7380952380952381, 0.8115095913261051, 0.7860125260960334, 0.7603068072866731]	[0.6879432624113475, 0.865979381443299, 0.740484429065744, 0.6317991631799164, 0.6947368421052632]	1784948770	dtfd/standard/os/uni_v2/dtfd_mil/nllsurv
tcga_lgg	benchmark_5fold	dtfd	standard	os	virchow2	dtfd_mil	nllsurv	dtfd__standard__os__virchow2__dtfd_mil__s42__nllsurv	5	5	42	14496	c_index	0.7030796812618362	0.040797795253452604	0.6689635013304739	0.7319888400165475	0.7357063762678304	0.07780807080701563	[0.7149425287356321, 0.6390476190476191, 0.6889074228523769, 0.7390396659707724, 0.7334611697027804]	[0.723404255319149, 0.8625429553264605, 0.7370242214532872, 0.702928870292887, 0.6526315789473685]	1784951938	dtfd/standard/os/virchow2/dtfd_mil/nllsurv
tcga_lgg	benchmark_5fold	nnmil	standard	idh1	hoptimus1	simple_mil		nnmil__standard__idh1__hoptimus1__simple_mil__s42	5	5	42	9254.719717235945	auc_roc	0.7918314824842507	0.08946675150475092	0.7279318647859317	0.860169091560069	0.8365231259968102	0.08175516340261899	[0.717827626918536, 0.8818800247371676, 0.7733253588516746, 0.888157894736842, 0.6979665071770335]	[0.8492822966507177, 0.9020979020979021, 0.7668997668997669, 0.9254079254079254, 0.738927738927739]	1784658617	nnmil/standard/idh1/hoptimus1/simple_mil
tcga_lgg	benchmark_5fold	nnmil	standard	idh1	uni_v2	simple_mil		nnmil__standard__idh1__uni_v2__simple_mil__s42	5	5	42	11144.111674392014	auc_roc	0.8218665761215316	0.0699323961120167	0.760369842478096	0.8623514956221723	0.8022328548644337	0.04331747359994776	[0.832939787485242, 0.8750773036487322, 0.7003588516746412, 0.8606459330143541, 0.840311004784689]	[0.799043062200957, 0.8438228438228439, 0.7645687645687645, 0.8484848484848484, 0.7552447552447552]	1784660506	nnmil/standard/idh1/uni_v2/simple_mil
tcga_lgg	benchmark_5fold	nnmil	standard	idh1	virchow2	simple_mil		nnmil__standard__idh1__virchow2__simple_mil__s42	5	5	42	13596.993839503091	auc_roc	0.8135257713350672	0.039048811221097005	0.780622009569378	0.8394264882986688	0.7907496012759172	0.05736024622408533	[0.8057851239669421, 0.8509585652442795, 0.7499999999999999, 0.8265550239234449, 0.8343301435406699]	[0.7416267942583732, 0.8438228438228439, 0.7878787878787878, 0.8531468531468531, 0.7272727272727273]	1784662959	nnmil/standard/idh1/virchow2/simple_mil
tcga_lgg	benchmark_5fold	nnmil	standard	os	hoptimus1	simple_mil	cox	nnmil__standard__os__hoptimus1__simple_mil__s42__cox	5	5	42	18819.499856075854	c_index	0.7641157931599121	0.049677684080825416	0.7263843246162154	0.8018472617036088	0.6998511419529815	0.13447874370757423	[0.7195402298850575, 0.7047619047619048, 0.8206839032527106, 0.7922755741127349, 0.7833173537871524]	[0.7411347517730497, 0.8281786941580757, 0.7750865051903114, 0.4811715481171548, 0.6736842105263158]	1784955971	nnmil/standard/os/hoptimus1/simple_mil/cox
tcga_lgg	benchmark_5fold	nnmil	standard	os	hoptimus1	simple_mil	nllsurv	nnmil__standard__os__hoptimus1__simple_mil__s42__nllsurv	5	5	42	12978.879813991021	c_index	0.7718257652981582	0.04756738255205143	0.734250404998843	0.8094011255974735	0.721858132903623	0.1015407991218307	[0.728735632183908, 0.7161904761904762, 0.8123436196830692, 0.8204592901878914, 0.7813998082454459]	[0.7269503546099291, 0.8487972508591065, 0.7889273356401384, 0.602510460251046, 0.6421052631578947]	1784950130	nnmil/standard/os/hoptimus1/simple_mil/nllsurv
tcga_lgg	benchmark_5fold	nnmil	standard	os	uni_v2	simple_mil	cox	nnmil__standard__os__uni_v2__simple_mil__s42__cox	5	5	42	20290.920667733997	c_index	0.7536656534443649	0.036597815771734606	0.7237120933116796	0.7786005579362113	0.7207620846642266	0.09104842033059853	[0.7655172413793103, 0.6980952380952381, 0.7873227689741451, 0.7369519832985386, 0.7804410354745925]	[0.7127659574468085, 0.852233676975945, 0.740484429065744, 0.5983263598326359, 0.7]	1784957442	nnmil/standard/os/uni_v2/simple_mil/cox
tcga_lgg	benchmark_5fold	nnmil	standard	os	uni_v2	simple_mil	nllsurv	nnmil__standard__os__uni_v2__simple_mil__s42__nllsurv	5	5	42	14785.378664859221	c_index	0.7577908609351649	0.05720453865608845	0.7137286906580038	0.8030281903906236	0.7148049427785993	0.09312304066908382	[0.7666666666666667, 0.6904761904761905, 0.817347789824854, 0.8068893528183716, 0.7075743048897412]	[0.6595744680851063, 0.8694158075601375, 0.7301038062283737, 0.6359832635983264, 0.6789473684210526]	1784951937	nnmil/standard/os/uni_v2/simple_mil/nllsurv
tcga_lgg	benchmark_5fold	nnmil	standard	os	virchow2	simple_mil	cox	nnmil__standard__os__virchow2__simple_mil__s42__cox	5	5	42	23399.05552637705	c_index	0.7313961831952149	0.03213381755720293	0.7073833135421522	0.7561435968154859	0.7506339568588111	0.08196567795161361	[0.7333333333333333, 0.6923809523809524, 0.7522935779816514, 0.7713987473903967, 0.7075743048897412]	[0.7907801418439716, 0.8625429553264605, 0.7577854671280276, 0.6736401673640168, 0.6684210526315789]	1784960550	nnmil/standard/os/virchow2/simple_mil/cox
tcga_lgg	benchmark_5fold	nnmil	standard	os	virchow2	simple_mil	nllsurv	nnmil__standard__os__virchow2__simple_mil__s42__nllsurv	5	5	42	16868.487783109886	c_index	0.7368235483869041	0.04422051814235742	0.6973329292467277	0.7626975590786098	0.7142062406841841	0.11407784626389937	[0.7448275862068966, 0.660952380952381, 0.7597998331943286, 0.7745302713987474, 0.7440076701821668]	[0.7375886524822695, 0.8934707903780069, 0.7058823529411765, 0.602510460251046, 0.631578947368421]	1784954020	nnmil/standard/os/virchow2/simple_mil/nllsurv
tcga_lgg	benchmark_5fold	titan	standard	idh1	titan	titan		titan__standard__idh1__titan__titan__s42	5	5	42	371.954252243042	auc_roc	0.8523517323414795	0.03554038596445973	0.8244809189443503	0.8804362366956351	0.8398110661268557	0.06675701458815632	[0.8317591499409682, 0.8719851576994434, 0.8983253588516746, 0.8534688995215312, 0.80622009569378]	[0.7631578947368421, 0.8181818181818181, 0.8671328671328671, 0.9393939393939394, 0.8111888111888113]	1784649582	titan/standard/idh1/titan/titan
tcga_lgg	benchmark_5fold	titan	standard	os	titan	titan	cox	titan__standard__os__titan__titan__s42__cox	5	5	42	166.3840172290802	c_index	0.7776553775981434	0.020786262404875293	0.7621473993095906	0.7931633558866962	0.72658431773221	0.08912037547375208	[0.7620689655172413, 0.7523809523809524, 0.804837364470392, 0.7818371607515657, 0.7871524448705657]	[0.7730496453900709, 0.8625429553264605, 0.6678200692041523, 0.6610878661087866, 0.6684210526315789]	1785014826	titan/standard/os/titan/titan/cox
tcga_lgg	benchmark_5fold	titan	standard	os	titan	titan	nllsurv	titan__standard__os__titan__titan__s42__nllsurv	5	5	42	142.23254466056824	c_index	0.7692727666936083	0.010809705276612897	0.7610350668961022	0.7776200421539262	0.721236085555229	0.09870885475716425	[0.7735632183908046, 0.7571428571428571, 0.780650542118432, 0.7766179540709812, 0.7583892617449665]	[0.723404255319149, 0.8831615120274914, 0.7162629757785467, 0.6359832635983264, 0.6473684210526316]	1785014971	titan/standard/os/titan/titan/nllsurv
tcga_luad	benchmark_10fold	abmil	standard	egfr	hoptimus1	abmil		abmil__standard__egfr__hoptimus1__abmil__s42	10	10	42	2072	auc_roc	0.7802206736353077	0.11166172162295199	0.715955574912892	0.8457610336817654	0.875886524822695	0.07139323343045625	[0.8809523809523809, 0.7142857142857143, 0.6571428571428571, 0.7571428571428571, 0.9146341463414634, 0.7219512195121951, 0.8195121951219513, 0.8780487804878049, 0.5804878048780487, 0.8780487804878049]	[0.9539007092198581, 0.8439716312056738, 0.8971631205673758, 0.8865248226950355, 0.8617021276595745, 0.7340425531914894, 0.8368794326241135, 0.8262411347517731, 0.9609929078014184, 0.9574468085106383]	1783792017	abmil/standard/egfr/hoptimus1/abmil
tcga_luad	benchmark_10fold	abmil	standard	egfr	uni_v2	abmil		abmil__standard__egfr__uni_v2__abmil__s42	10	10	42	1839	auc_roc	0.7754123112659699	0.11655917606251291	0.705586236933798	0.8430040650406504	0.8312056737588651	0.10763902579208606	[0.7142857142857143, 0.7571428571428571, 0.6666666666666667, 0.8095238095238096, 0.8211382113821137, 0.7853658536585366, 0.7365853658536585, 0.9707317073170733, 0.5707317073170732, 0.9219512195121952]	[0.9361702127659575, 0.7907801418439716, 0.8652482269503546, 0.9113475177304965, 0.8120567375886525, 0.6099290780141844, 0.7340425531914893, 0.7801418439716312, 0.9539007092198581, 0.9184397163120568]	1783792349	abmil/standard/egfr/uni_v2/abmil
tcga_luad	benchmark_10fold	abmil	standard	egfr	virchow2	abmil		abmil__standard__egfr__virchow2__abmil__s42	10	10	42	2383	auc_roc	0.7915214866434378	0.13604398841631912	0.710869918699187	0.8703841463414633	0.8631205673758865	0.08700919853268325	[0.7666666666666667, 0.6428571428571429, 0.6523809523809524, 0.9142857142857141, 0.9634146341463414, 0.8, 0.7365853658536586, 0.9024390243902439, 0.5902439024390245, 0.9463414634146341]	[0.9255319148936171, 0.8546099290780141, 0.9113475177304964, 0.8723404255319148, 0.74822695035461, 0.7021276595744681, 0.8546099290780143, 0.8297872340425532, 0.9574468085106383, 0.975177304964539]	1783795061	abmil/standard/egfr/virchow2/abmil
tcga_luad	benchmark_10fold	abmil	standard	kras	hoptimus1	abmil		abmil__standard__kras__hoptimus1__abmil__s42	10	10	42	2033	auc_roc	0.6970182555780933	0.07649724595387304	0.6517369844489519	0.7372148411088575	0.6999362041467304	0.08241811934768849	[0.7011494252873562, 0.6098039215686274, 0.7215686274509804, 0.7450980392156863, 0.7686274509803922, 0.5720081135902637, 0.614604462474645, 0.6876267748478702, 0.8093306288032455, 0.7403651115618661]	[0.7430340557275541, 0.6863636363636364, 0.796969696969697, 0.7621212121212121, 0.5696969696969697, 0.588235294117647, 0.6764705882352942, 0.7352941176470589, 0.6377708978328174, 0.8034055727554179]	1783791941	abmil/standard/kras/hoptimus1/abmil
tcga_luad	benchmark_10fold	abmil	standard	kras	uni_v2	abmil		abmil__standard__kras__uni_v2__abmil__s42	10	10	42	1677	auc_roc	0.6293779580797836	0.11121745052286364	0.5722104462474645	0.6932379986477349	0.6464461957031615	0.07006179240499756	[0.5517241379310345, 0.503921568627451, 0.5901960784313725, 0.7470588235294118, 0.6392156862745098, 0.5557809330628803, 0.5821501014198783, 0.561866125760649, 0.870182555780933, 0.691683569979716]	[0.7616099071207431, 0.5833333333333333, 0.6181818181818182, 0.7136363636363636, 0.5818181818181818, 0.5572755417956656, 0.6702786377708978, 0.7151702786377708, 0.5882352941176471, 0.6749226006191951]	1783791343	abmil/standard/kras/uni_v2/abmil
tcga_luad	benchmark_10fold	abmil	standard	kras	virchow2	abmil		abmil__standard__kras__virchow2__abmil__s42	10	10	42	2656	auc_roc	0.659499661933739	0.09100893326446749	0.6063056118999326	0.7107366463826911	0.665747255840135	0.09088378284788087	[0.5229885057471264, 0.6843137254901961, 0.7470588235294117, 0.7215686274509804, 0.6411764705882353, 0.5354969574036512, 0.6206896551724138, 0.5943204868154158, 0.7809330628803246, 0.7464503042596349]	[0.7678018575851393, 0.5787878787878789, 0.7257575757575757, 0.7772727272727272, 0.5090909090909091, 0.588235294117647, 0.6331269349845201, 0.7507739938080495, 0.6362229102167182, 0.6904024767801857]	1783794966	abmil/standard/kras/virchow2/abmil
tcga_luad	benchmark_10fold	clam	standard	egfr	hoptimus1	clam_mb		clam__standard__egfr__hoptimus1__clam_mb__s42	10	10	42	39335.49173484137	auc_roc	0.8088269454123115	0.10664922003056612	0.7447877468060394	0.8686292102206735	0.8351063829787234	0.10988776264204372	[0.7666666666666666, 0.719047619047619, 0.761904761904762, 0.9000000000000001, 0.8821138211382114, 0.7609756097560976, 0.9463414634146341, 0.8682926829268292, 0.5951219512195123, 0.8878048780487804]	[0.9680851063829787, 0.7765957446808511, 0.8687943262411347, 0.8617021276595744, 0.7553191489361702, 0.6312056737588653, 0.7978723404255319, 0.7695035460992907, 0.975177304964539, 0.9468085106382979]	1783817605	clam/standard/egfr/hoptimus1/clam_mb
tcga_luad	benchmark_10fold	clam	standard	egfr	hoptimus1	clam_sb		clam__standard__egfr__hoptimus1__clam_sb__s42	10	10	42	39803.29767049663	auc_roc	0.8189198606271777	0.10736882620391856	0.7561994773519165	0.8772770034843206	0.823758865248227	0.1404984448257414	[0.8476190476190477, 0.7333333333333334, 0.6761904761904762, 0.9190476190476191, 0.8373983739837398, 0.751219512195122, 0.8829268292682927, 0.9560975609756097, 0.6585365853658536, 0.926829268292683]	[0.9574468085106382, 0.9042553191489362, 0.8687943262411347, 0.9113475177304965, 0.7588652482269503, 0.5638297872340425, 0.7163120567375887, 0.6560283687943262, 0.9432624113475178, 0.9574468085106383]	1783818073	clam/standard/egfr/hoptimus1/clam_sb
tcga_luad	benchmark_10fold	clam	standard	egfr	hoptimus1	mil		clam__standard__egfr__hoptimus1__mil__s42	10	10	42	39624.508805581834	auc_roc	0.6929849012775842	0.1612752364748433	0.5903475609756098	0.7762520325203252	0.799645390070922	0.1420629712060589	[0.5761904761904761, 0.6142857142857143, 0.36190476190476195, 0.8238095238095238, 0.8170731707317074, 0.6878048780487804, 0.673170731707317, 0.8878048780487806, 0.624390243902439, 0.8634146341463416]	[0.7056737588652482, 0.7553191489361702, 0.9361702127659574, 0.950354609929078, 0.7304964539007093, 0.5957446808510639, 0.6453900709219857, 0.7446808510638298, 0.9468085106382979, 0.9858156028368795]	1783817894	clam/standard/egfr/hoptimus1/mil
tcga_luad	benchmark_10fold	clam	standard	egfr	uni_v2	clam_mb		clam__standard__egfr__uni_v2__clam_mb__s42	10	10	42	39344.157636508346	auc_roc	0.7415214866434379	0.13408646001859437	0.6626576655052264	0.8185903019744483	0.7907801418439717	0.12819474549727505	[0.6333333333333333, 0.6952380952380953, 0.680952380952381, 0.8333333333333334, 0.943089430894309, 0.6585365853658537, 0.8585365853658535, 0.8, 0.4878048780487805, 0.8243902439024391]	[0.9042553191489362, 0.7624113475177305, 0.851063829787234, 0.8333333333333334, 0.7092198581560284, 0.5, 0.7375886524822696, 0.7872340425531916, 0.9645390070921986, 0.8581560283687943]	1783817613	clam/standard/egfr/uni_v2/clam_mb
tcga_luad	benchmark_10fold	clam	standard	egfr	uni_v2	clam_sb		clam__standard__egfr__uni_v2__clam_sb__s42	10	10	42	39313.04896546155	auc_roc	0.7742973286875725	0.11876610499022638	0.7046913472706156	0.8392279326364693	0.7875886524822695	0.12669773810434845	[0.7285714285714285, 0.7571428571428571, 0.6, 0.919047619047619, 0.943089430894309, 0.697560975609756, 0.7463414634146341, 0.8926829268292683, 0.6292682926829268, 0.8292682926829269]	[0.9432624113475178, 0.6205673758865249, 0.822695035460993, 0.8900709219858157, 0.698581560283688, 0.6560283687943262, 0.6560283687943262, 0.7446808510638299, 0.9290780141843972, 0.9148936170212766]	1783817582	clam/standard/egfr/uni_v2/clam_sb
tcga_luad	benchmark_10fold	clam	standard	egfr	uni_v2	mil		clam__standard__egfr__uni_v2__mil__s42	10	10	42	39296.44966842281	auc_roc	0.6304413472706155	0.1396483430795172	0.5531141114982578	0.7151570847851335	0.7145390070921985	0.1542926777401914	[0.519047619047619, 0.6619047619047619, 0.5714285714285714, 0.8666666666666667, 0.7926829268292683, 0.424390243902439, 0.7073170731707318, 0.5073170731707317, 0.5463414634146342, 0.7073170731707317]	[0.8794326241134751, 0.8262411347517731, 0.6666666666666666, 0.8723404255319149, 0.6914893617021276, 0.42907801418439717, 0.8120567375886526, 0.6170212765957448, 0.822695035460993, 0.5283687943262412]	1783817566	clam/standard/egfr/uni_v2/mil
tcga_luad	benchmark_10fold	clam	standard	egfr	virchow2	clam_mb		clam__standard__egfr__virchow2__clam_mb__s42	10	10	42	52043.02115792548	auc_roc	0.802020905923345	0.1094220517318736	0.7366385017421603	0.8613809523809524	0.8287234042553191	0.09924925958387215	[0.7380952380952381, 0.7380952380952381, 0.7428571428571429, 0.919047619047619, 0.8821138211382114, 0.7951219512195122, 0.8146341463414635, 0.8731707317073171, 0.575609756097561, 0.9414634146341464]	[0.9326241134751774, 0.8368794326241135, 0.8829787234042553, 0.875886524822695, 0.7092198581560284, 0.7127659574468085, 0.7375886524822696, 0.7198581560283688, 0.9468085106382979, 0.9326241134751774]	1783830312	clam/standard/egfr/virchow2/clam_mb
tcga_luad	benchmark_10fold	clam	standard	egfr	virchow2	clam_sb		clam__standard__egfr__virchow2__clam_sb__s42	10	10	42	52042.16420564428	auc_roc	0.7589082462253194	0.09988401804270675	0.7023879210220674	0.8181599883855981	0.8063829787234044	0.098686668346039	[0.7809523809523811, 0.7809523809523808, 0.6476190476190476, 0.8714285714285714, 0.9227642276422764, 0.775609756097561, 0.6487804878048781, 0.8048780487804879, 0.6097560975609756, 0.7463414634146343]	[0.9468085106382977, 0.7340425531914894, 0.797872340425532, 0.8439716312056739, 0.74822695035461, 0.6560283687943262, 0.7163120567375887, 0.7801418439716312, 0.9361702127659575, 0.9042553191489362]	1783830312	clam/standard/egfr/virchow2/clam_sb
tcga_luad	benchmark_10fold	clam	standard	egfr	virchow2	mil		clam__standard__egfr__virchow2__mil__s42	10	10	42	39003.29510099231	auc_roc	0.6543902439024389	0.1755607845112662	0.5480746225319396	0.752417537746806	0.6865248226950355	0.17506225424680552	[0.35714285714285715, 0.5380952380952382, 0.6476190476190476, 0.7571428571428571, 0.5609756097560976, 0.7853658536585366, 0.9121951219512194, 0.853658536585366, 0.6585365853658536, 0.47317073170731705]	[0.6028368794326242, 0.5921985815602837, 0.8723404255319149, 0.6595744680851064, 0.5673758865248227, 0.6347517730496455, 0.8829787234042552, 0.6773049645390071, 0.9787234042553191, 0.39716312056737585]	1783700016	clam/standard/egfr/virchow2/mil
tcga_luad	benchmark_10fold	clam	standard	kras	hoptimus1	clam_mb		clam__standard__kras__hoptimus1__clam_mb__s42	10	10	42	38949.49281654693	auc_roc	0.607025016903313	0.10287198477371146	0.5458799864773495	0.6616730899256255	0.6168679050567595	0.1411138273175789	[0.632183908045977, 0.44313725490196076, 0.6431372549019608, 0.7901960784313726, 0.4784313725490196, 0.5294117647058824, 0.6774847870182557, 0.5780933062880325, 0.6267748478701826, 0.6713995943204868]	[0.7972136222910217, 0.4212121212121212, 0.6166666666666667, 0.7439393939393939, 0.4348484848484848, 0.7027863777089783, 0.6114551083591331, 0.5897832817337462, 0.46594427244582043, 0.7848297213622291]	1783817219	clam/standard/kras/hoptimus1/clam_mb
tcga_luad	benchmark_10fold	clam	standard	kras	hoptimus1	clam_sb		clam__standard__kras__hoptimus1__clam_sb__s42	10	10	42	38420.5048461929	auc_roc	0.6464818571106605	0.07439180974287425	0.6016404101870634	0.6891957403651117	0.6198400412796696	0.10359179076592735	[0.6245210727969349, 0.5843137254901961, 0.6784313725490196, 0.7803921568627451, 0.5294117647058824, 0.6348884381338743, 0.6855983772819472, 0.565922920892495, 0.7099391480730223, 0.6713995943204869]	[0.763157894736842, 0.5560606060606061, 0.7575757575757576, 0.6848484848484848, 0.41818181818181815, 0.56656346749226, 0.568111455108359, 0.5975232198142415, 0.6207430340557275, 0.6656346749226006]	1783816690	clam/standard/kras/hoptimus1/clam_sb
tcga_luad	benchmark_10fold	clam	standard	kras	hoptimus1	mil		clam__standard__kras__hoptimus1__mil__s42	10	10	42	38793.71549940109	auc_roc	0.5544331755690781	0.05661511574809364	0.5223733378408835	0.5851538764931259	0.6112965569002721	0.09361140680106919	[0.6245210727969348, 0.5372549019607843, 0.5431372549019609, 0.6176470588235294, 0.5098039215686274, 0.4989858012170385, 0.563894523326572, 0.592292089249493, 0.45233265720081134, 0.6044624746450303]	[0.8126934984520123, 0.5590909090909091, 0.6454545454545454, 0.6530303030303031, 0.5727272727272728, 0.5835913312693498, 0.4396284829721362, 0.6300309597523219, 0.5913312693498451, 0.6253869969040247]	1783817064	clam/standard/kras/hoptimus1/mil
tcga_luad	benchmark_10fold	clam	standard	kras	uni_v2	clam_mb		clam__standard__kras__uni_v2__clam_mb__s42	10	10	42	39041.494227996096	auc_roc	0.5920824881676809	0.09131752854594795	0.5386071670047329	0.6371100405679514	0.6015465803546298	0.1254663963309608	[0.6436781609195402, 0.3999999999999999, 0.588235294117647, 0.7352941176470589, 0.5333333333333333, 0.592292089249493, 0.5801217038539555, 0.6328600405679513, 0.539553752535497, 0.6754563894523327]	[0.781733746130031, 0.4575757575757576, 0.6075757575757575, 0.7303030303030303, 0.49090909090909096, 0.4551083591331269, 0.5541795665634675, 0.719814241486068, 0.5046439628482973, 0.7136222910216719]	1783817311	clam/standard/kras/uni_v2/clam_mb
tcga_luad	benchmark_10fold	clam	standard	kras	uni_v2	clam_sb		clam__standard__kras__uni_v2__clam_sb__s42	10	10	42	38922.58517251024	auc_roc	0.6058485463150778	0.09596971363759307	0.5437591277890467	0.6530856997971602	0.5971948588047659	0.10637557189485936	[0.6436781609195403, 0.4, 0.48039215686274506, 0.7156862745098039, 0.6098039215686275, 0.5821501014198783, 0.6531440162271804, 0.6572008113590264, 0.6450304259634888, 0.6713995943204868]	[0.7879256965944272, 0.5484848484848485, 0.509090909090909, 0.6196969696969695, 0.47424242424242424, 0.5092879256965944, 0.5247678018575852, 0.7445820433436532, 0.6671826625386996, 0.5866873065015479]	1783817192	clam/standard/kras/uni_v2/clam_sb
tcga_luad	benchmark_10fold	clam	standard	kras	uni_v2	mil		clam__standard__kras__uni_v2__mil__s42	10	10	42	38934.009238030296	auc_roc	0.5329501915708812	0.07645409442034691	0.4901395650214109	0.5797545638945234	0.5421155830753355	0.0736463938944054	[0.5651340996168582, 0.44901960784313727, 0.484313725490196, 0.45294117647058824, 0.623529411764706, 0.5050709939148073, 0.513184584178499, 0.563894523326572, 0.48681541582150106, 0.6855983772819473]	[0.5866873065015479, 0.5196969696969697, 0.5348484848484849, 0.43333333333333335, 0.5787878787878789, 0.5681114551083591, 0.4318885448916409, 0.5479876160990712, 0.5356037151702786, 0.6842105263157894]	1783817203	clam/standard/kras/uni_v2/mil
tcga_luad	benchmark_10fold	clam	standard	kras	virchow2	clam_mb		clam__standard__kras__virchow2__clam_mb__s42	10	10	42	51410.167825595476	auc_roc	0.5849830966869507	0.07046497924054734	0.5462812711291412	0.6243754225828262	0.6136279200675485	0.09639018380834057	[0.706896551724138, 0.5078431372549019, 0.5823529411764706, 0.6725490196078431, 0.503921568627451, 0.5537525354969575, 0.5314401622718052, 0.5963488843813387, 0.5456389452332657, 0.6490872210953347]	[0.7260061919504643, 0.5409090909090909, 0.6924242424242425, 0.687878787878788, 0.43333333333333335, 0.6191950464396285, 0.5092879256965944, 0.7074303405572755, 0.5804953560371516, 0.6393188854489164]	1783829679	clam/standard/kras/virchow2/clam_mb
tcga_luad	benchmark_10fold	clam	standard	kras	virchow2	clam_sb		clam__standard__kras__virchow2__clam_sb__s42	10	10	42	51426.72955588531	auc_roc	0.6001600180302006	0.12201236665704834	0.5202698332206446	0.6638990872210954	0.5884323107233325	0.08408560342330784	[0.6130268199233716, 0.33725490196078434, 0.692156862745098, 0.6588235294117647, 0.45490196078431366, 0.6308316430020284, 0.5679513184584178, 0.6125760649087221, 0.6835699797160243, 0.7505070993914809]	[0.5944272445820434, 0.5757575757575757, 0.6696969696969697, 0.6727272727272727, 0.49090909090909096, 0.5030959752321982, 0.4659442724458205, 0.6981424148606812, 0.5557275541795665, 0.6578947368421053]	1783829696	clam/standard/kras/virchow2/clam_sb
tcga_luad	benchmark_10fold	clam	standard	kras	virchow2	mil		clam__standard__kras__virchow2__mil__s42	10	10	42	51033.8077570484	auc_roc	0.5376898805499212	0.09985819633508006	0.4767443092179401	0.5954544173991435	0.5505080213903744	0.10469173917494261	[0.5996168582375478, 0.5058823529411764, 0.5450980392156863, 0.4529411764705883, 0.3666666666666667, 0.5983772819472616, 0.689655172413793, 0.4421906693711968, 0.5273833671399594, 0.6490872210953347]	[0.43343653250773995, 0.5318181818181819, 0.6333333333333333, 0.5227272727272727, 0.4348484848484849, 0.5588235294117647, 0.565015479876161, 0.5325077399380805, 0.4969040247678018, 0.7956656346749226]	1783829303	clam/standard/kras/virchow2/mil
tcga_luad	benchmark_10fold	dtfd	standard	egfr	hoptimus1	dtfd_mil		dtfd__standard__egfr__hoptimus1__dtfd_mil__s42	10	10	42	3422	auc_roc	0.8089314750290362	0.1151796906837151	0.74039837398374	0.8768527874564461	0.9014184397163121	0.0665055141924622	[0.8857142857142857, 0.7047619047619047, 0.6333333333333334, 0.9142857142857144, 0.951219512195122, 0.7463414634146341, 0.8731707317073172, 0.8780487804878049, 0.6487804878048781, 0.853658536585366]	[0.9609929078014185, 0.8829787234042553, 0.9361702127659575, 0.9184397163120568, 0.8333333333333334, 0.7659574468085106, 0.8581560283687945, 0.9326241134751773, 0.9397163120567377, 0.9858156028368795]	1783793382	dtfd/standard/egfr/hoptimus1/dtfd_mil
tcga_luad	benchmark_10fold	dtfd	standard	egfr	uni_v2	dtfd_mil		dtfd__standard__egfr__uni_v2__dtfd_mil__s42	10	10	42	3113	auc_roc	0.7472357723577236	0.1307179937753829	0.6697845528455285	0.8223565621370499	0.7953900709219858	0.12371375461771976	[0.6619047619047619, 0.7476190476190476, 0.6476190476190476, 0.7428571428571429, 0.9308943089430894, 0.5902439024390244, 0.7999999999999999, 0.9024390243902438, 0.5658536585365854, 0.8829268292682927]	[0.9148936170212767, 0.6808510638297873, 0.8368794326241135, 0.8936170212765957, 0.7375886524822695, 0.5425531914893618, 0.7375886524822695, 0.7836879432624113, 0.9290780141843972, 0.8971631205673759]	1783792606	dtfd/standard/egfr/uni_v2/dtfd_mil
tcga_luad	benchmark_10fold	dtfd	standard	egfr	virchow2	dtfd_mil		dtfd__standard__egfr__virchow2__dtfd_mil__s42	10	10	42	4363	auc_roc	0.8049012775842044	0.10529511076623563	0.741872531939605	0.8650438443670151	0.8914893617021276	0.06357096637165832	[0.6904761904761905, 0.7428571428571429, 0.6904761904761905, 0.8333333333333334, 0.9552845528455285, 0.7414634146341463, 0.8682926829268293, 0.8780487804878049, 0.6975609756097562, 0.9512195121951219]	[0.9361702127659575, 0.8617021276595744, 0.9255319148936171, 0.9113475177304965, 0.8085106382978723, 0.7588652482269503, 0.9078014184397163, 0.9042553191489362, 0.9432624113475178, 0.9574468085106383]	1783795705	dtfd/standard/egfr/virchow2/dtfd_mil
tcga_luad	benchmark_10fold	dtfd	standard	kras	hoptimus1	dtfd_mil		dtfd__standard__kras__hoptimus1__dtfd_mil__s42	10	10	42	4131	auc_roc	0.6908609420779805	0.09702785131345103	0.637137480279468	0.743733603786342	0.7114471338774744	0.08312132370079714	[0.6685823754789272, 0.5431372549019607, 0.6686274509803921, 0.8254901960784313, 0.7078431372549019, 0.5963488843813387, 0.6227180527383367, 0.6632860040567952, 0.8417849898580121, 0.7707910750507099]	[0.7678018575851393, 0.6848484848484848, 0.7727272727272727, 0.7681818181818181, 0.5636363636363637, 0.6331269349845201, 0.6934984520123839, 0.7151702786377709, 0.6609907120743035, 0.8544891640866874]	1783793615	dtfd/standard/kras/hoptimus1/dtfd_mil
tcga_luad	benchmark_10fold	dtfd	standard	kras	uni_v2	dtfd_mil		dtfd__standard__kras__uni_v2__dtfd_mil__s42	10	10	42	3098	auc_roc	0.6221884155961236	0.08493281664772857	0.5802920892494929	0.6750672751859365	0.6495088657472559	0.07340738207705004	[0.6015325670498084, 0.5431372549019609, 0.6098039215686275, 0.6529411764705882, 0.5568627450980392, 0.6064908722109533, 0.5780933062880325, 0.5760649087221095, 0.8397565922920892, 0.6572008113590263]	[0.7167182662538699, 0.593939393939394, 0.6045454545454546, 0.7090909090909091, 0.5333333333333333, 0.6083591331269349, 0.6191950464396284, 0.7569659442724458, 0.6207430340557276, 0.7321981424148607]	1783792646	dtfd/standard/kras/uni_v2/dtfd_mil
tcga_luad	benchmark_10fold	dtfd	standard	kras	virchow2	dtfd_mil		dtfd__standard__kras__virchow2__dtfd_mil__s42	10	10	42	3482	auc_roc	0.6195560063105703	0.07963634274145974	0.5685142551273383	0.6633558710840658	0.6334430997279294	0.06418637654226163	[0.5708812260536398, 0.5588235294117647, 0.6862745098039216, 0.7137254901960784, 0.4549019607843137, 0.6470588235294118, 0.592292089249493, 0.6004056795131847, 0.6855983772819473, 0.6855983772819473]	[0.6780185758513931, 0.6333333333333334, 0.6954545454545455, 0.6893939393939393, 0.47878787878787876, 0.651702786377709, 0.5820433436532507, 0.6424148606811145, 0.6191950464396284, 0.6640866873065016]	1783795181	dtfd/standard/kras/virchow2/dtfd_mil
tcga_luad	benchmark_10fold	nnmil	standard	egfr	hoptimus1	simple_mil		nnmil__standard__egfr__hoptimus1__simple_mil__s42	10	10	42	19056.425491371192	auc_roc	0.7367363530778165	0.09117691035605939	0.6803437862950058	0.7876483739837398	0.7716312056737589	0.08489598368780499	[0.8, 0.7809523809523811, 0.6523809523809523, 0.8047619047619048, 0.5731707317073171, 0.7365853658536586, 0.8780487804878049, 0.7365853658536585, 0.6390243902439025, 0.7658536585365853]	[0.6950354609929078, 0.7978723404255319, 0.7978723404255319, 0.7730496453900709, 0.7304964539007093, 0.6382978723404255, 0.75177304964539, 0.7446808510638298, 0.9539007092198581, 0.8333333333333333]	1783810423	nnmil/standard/egfr/hoptimus1/simple_mil
tcga_luad	benchmark_10fold	nnmil	standard	egfr	hoptimus1	trans_mil		nnmil__standard__egfr__hoptimus1__trans_mil__s42	10	10	42	13484.773860896938	auc_roc	0.7904413472706155	0.10007144673902077	0.7245542973286876	0.8430542973286875	0.8127659574468085	0.08983140469916133	[0.8523809523809522, 0.8714285714285714, 0.6000000000000001, 0.8285714285714286, 0.8739837398373984, 0.8439024390243902, 0.6341463414634146, 0.8048780487804877, 0.7365853658536585, 0.8585365853658536]	[0.8333333333333334, 0.776595744680851, 0.6950354609929078, 0.9042553191489362, 0.8120567375886525, 0.723404255319149, 0.8262411347517731, 0.6985815602836879, 0.9432624113475178, 0.9148936170212766]	1783660892	nnmil/standard/egfr/hoptimus1/trans_mil
tcga_luad	benchmark_10fold	nnmil	standard	egfr	uni_v2	simple_mil		nnmil__standard__egfr__uni_v2__simple_mil__s42	10	10	42	21832.236737333238	auc_roc	0.6864459930313588	0.17363486366292774	0.5826823461091755	0.7778649825783972	0.7510638297872341	0.13668514733578332	[0.7761904761904762, 0.5285714285714286, 0.661904761904762, 0.8571428571428572, 0.35772357723577236, 0.7121951219512195, 0.8195121951219512, 0.7853658536585366, 0.4926829268292683, 0.8731707317073172]	[0.8049645390070922, 0.677304964539007, 0.776595744680851, 0.773049645390071, 0.7695035460992908, 0.46099290780141844, 0.6312056737588652, 0.7730496453900709, 0.9432624113475178, 0.9007092198581561]	1783813795	nnmil/standard/egfr/uni_v2/simple_mil
tcga_luad	benchmark_10fold	nnmil	standard	egfr	uni_v2	trans_mil		nnmil__standard__egfr__uni_v2__trans_mil__s42	10	10	42	15682.33791883546	auc_roc	0.7650174216027874	0.1218508125392212	0.6827125435540069	0.8330569105691057	0.8074468085106383	0.09051703524012414	[0.8, 0.7333333333333333, 0.6523809523809524, 0.8571428571428572, 0.9390243902439024, 0.7609756097560976, 0.7560975609756098, 0.7804878048780488, 0.5024390243902439, 0.8682926829268293]	[0.8865248226950355, 0.7730496453900708, 0.7588652482269503, 0.8617021276595744, 0.801418439716312, 0.6702127659574468, 0.7340425531914894, 0.7304964539007092, 0.9539007092198581, 0.9042553191489362]	1783663091	nnmil/standard/egfr/uni_v2/trans_mil
tcga_luad	benchmark_10fold	nnmil	standard	egfr	virchow2	simple_mil		nnmil__standard__egfr__virchow2__simple_mil__s42	10	10	42	42745.421346337534	auc_roc	0.7823577235772358	0.13610635854946257	0.6952119628339142	0.857406794425087	0.7581560283687944	0.129504659510127	[0.819047619047619, 0.819047619047619, 0.5761904761904763, 0.9190476190476191, 0.9146341463414634, 0.7463414634146341, 0.8390243902439024, 0.6926829268292684, 0.5609756097560976, 0.9365853658536585]	[0.7021276595744681, 0.6879432624113475, 0.7836879432624113, 0.8900709219858156, 0.7588652482269505, 0.7021276595744681, 0.6418439716312057, 0.5460992907801419, 0.9574468085106382, 0.9113475177304964]	1783821017	nnmil/standard/egfr/virchow2/simple_mil
tcga_luad	benchmark_10fold	nnmil	standard	egfr	virchow2	trans_mil		nnmil__standard__egfr__virchow2__trans_mil__s42	10	10	42	16660.866154605057	auc_roc	0.7482578397212544	0.10982956598444875	0.679058362369338	0.8104538327526132	0.747517730496454	0.10311231828678188	[0.8238095238095239, 0.7190476190476192, 0.6285714285714286, 0.6761904761904762, 0.8739837398373983, 0.7463414634146341, 0.7365853658536585, 0.7853658536585366, 0.5658536585365853, 0.926829268292683]	[0.8120567375886525, 0.8014184397163121, 0.6843971631205674, 0.6843971631205674, 0.6560283687943262, 0.7198581560283688, 0.6418439716312057, 0.6595744680851063, 0.8829787234042552, 0.9326241134751774]	1783664068	nnmil/standard/egfr/virchow2/trans_mil
tcga_luad	benchmark_10fold	nnmil	standard	kras	hoptimus1	simple_mil		nnmil__standard__kras__hoptimus1__simple_mil__s42	10	10	42	54905.12795889098	auc_roc	0.6572436330854181	0.09413556356694287	0.6023399256254225	0.7130893058372774	0.634071676517497	0.0909962289281823	[0.7030651340996168, 0.4529411764705882, 0.6490196078431373, 0.707843137254902, 0.6843137254901961, 0.6389452332657201, 0.5882352941176471, 0.6206896551724137, 0.8052738336713996, 0.7221095334685599]	[0.6811145510835913, 0.5136363636363637, 0.6696969696969697, 0.765151515151515, 0.4727272727272727, 0.6021671826625388, 0.6253869969040248, 0.653250773993808, 0.6160990712074303, 0.741486068111455]	1783846936	nnmil/standard/kras/hoptimus1/simple_mil
tcga_luad	benchmark_10fold	nnmil	standard	kras	hoptimus1	trans_mil		nnmil__standard__kras__hoptimus1__trans_mil__s42	10	10	42	34874.28538810997	auc_roc	0.6143340094658554	0.08626042550388625	0.5695148749154834	0.6705916159567276	0.6122769490571347	0.07377248434088222	[0.5804597701149425, 0.5450980392156862, 0.5509803921568628, 0.6254901960784314, 0.5431372549019607, 0.5517241379310345, 0.5801217038539553, 0.6450304259634888, 0.7991886409736308, 0.7221095334685599]	[0.6455108359133126, 0.5924242424242425, 0.5515151515151516, 0.6696969696969697, 0.4499999999999999, 0.6068111455108359, 0.6145510835913313, 0.6996904024767802, 0.6006191950464396, 0.6919504643962848]	1783682282	nnmil/standard/kras/hoptimus1/trans_mil
tcga_luad	benchmark_10fold	nnmil	standard	kras	uni_v2	simple_mil		nnmil__standard__kras__uni_v2__simple_mil__s42	10	10	42	43285.72867059382	auc_roc	0.586542709037638	0.10888135988909277	0.5245507099391481	0.6454411764705881	0.5890374331550803	0.08155391027502013	[0.6532567049808429, 0.5352941176470588, 0.36274509803921573, 0.7098039215686275, 0.5333333333333333, 0.5496957403651116, 0.5537525354969574, 0.5578093306288033, 0.7160243407707911, 0.693711967545639]	[0.7275541795665634, 0.49242424242424243, 0.5803030303030303, 0.6984848484848485, 0.5015151515151515, 0.5123839009287925, 0.5464396284829722, 0.5727554179566563, 0.6145510835913313, 0.6439628482972136]	1783835653	nnmil/standard/kras/uni_v2/simple_mil
tcga_luad	benchmark_10fold	nnmil	standard	kras	uni_v2	trans_mil		nnmil__standard__kras__uni_v2__trans_mil__s42	10	10	42	30918.808876130264	auc_roc	0.5701442416046879	0.13352039871238858	0.4885858688302908	0.6452835249042145	0.5257491321887607	0.1428479564073917	[0.6226053639846743, 0.3294117647058824, 0.5607843137254902, 0.5725490196078432, 0.3686274509803922, 0.6957403651115618, 0.511156186612576, 0.6572008113590264, 0.6551724137931034, 0.7281947261663286]	[0.5201238390092879, 0.546969696969697, 0.546969696969697, 0.7, 0.1818181818181818, 0.4520123839009288, 0.5, 0.6764705882352942, 0.5356037151702786, 0.5975232198142415]	1783678326	nnmil/standard/kras/uni_v2/trans_mil
tcga_luad	benchmark_10fold	nnmil	standard	kras	virchow2	simple_mil		nnmil__standard__kras__virchow2__simple_mil__s42	10	10	42	77797.26106290054	auc_roc	0.6057088122605364	0.11634767900591553	0.5360464841108857	0.6731964164976335	0.6275569940895018	0.06274170153089495	[0.6455938697318008, 0.5470588235294118, 0.5725490196078431, 0.6784313725490196, 0.680392156862745, 0.4787018255578094, 0.40567951318458423, 0.539553752535497, 0.7545638945233265, 0.7545638945233266]	[0.674922600619195, 0.5212121212121212, 0.6757575757575758, 0.6818181818181818, 0.5484848484848485, 0.6145510835913313, 0.6873065015479877, 0.6455108359133126, 0.5588235294117647, 0.6671826625386997]	1783856069	nnmil/standard/kras/virchow2/simple_mil
tcga_luad	benchmark_10fold	nnmil	standard	kras	virchow2	trans_mil		nnmil__standard__kras__virchow2__trans_mil__s42	10	10	42	51220.056596964365	auc_roc	0.5800428217263918	0.10141300446659822	0.5245242280820374	0.641386184358801	0.5686297964161742	0.06064261479103894	[0.5881226053639848, 0.5882352941176471, 0.40784313725490196, 0.6098039215686275, 0.5313725490196078, 0.5578093306288032, 0.5294117647058822, 0.513184584178499, 0.7728194726166329, 0.7018255578093306]	[0.6006191950464396, 0.4848484848484848, 0.6181818181818182, 0.6106060606060606, 0.4757575757575757, 0.6037151702786377, 0.6191950464396284, 0.6145510835913313, 0.4891640866873065, 0.5696594427244581]	1783698627	nnmil/standard/kras/virchow2/trans_mil
tcga_luad	benchmark_5fold	abmil	standard	egfr	hoptimus1	abmil		abmil__standard__egfr__hoptimus1__abmil__s42	5	5	42	724	auc_roc	0.8099874442336976	0.0922232282941728	0.7397339246119735	0.892289156626506	0.9180952380952381	0.06879263262773763	[0.7000000000000001, 0.7843373493975904, 0.9554216867469879, 0.810843373493976, 0.7993348115299335]	[0.9571428571428572, 0.919047619047619, 0.9428571428571428, 0.8, 0.9714285714285714]	1783786087	abmil/standard/egfr/hoptimus1/abmil
tcga_luad	benchmark_5fold	abmil	standard	egfr	uni_v2	abmil		abmil__standard__egfr__uni_v2__abmil__s42	5	5	42	955	auc_roc	0.7559597146902466	0.1119404530740005	0.6822247749312105	0.8585542168674699	0.9057142857142857	0.0775474399459896	[0.6614457831325301, 0.691566265060241, 0.9397590361445783, 0.7819277108433735, 0.70509977827051]	[0.9619047619047619, 0.8999999999999999, 0.7904761904761906, 0.8857142857142858, 0.9904761904761904]	1783785783	abmil/standard/egfr/uni_v2/abmil
tcga_luad	benchmark_5fold	abmil	standard	egfr	virchow2	abmil		abmil__standard__egfr__virchow2__abmil__s42	5	5	42	1228	auc_roc	0.7942537333368952	0.09185990586953979	0.7232062618545133	0.8732530120481927	0.9028571428571428	0.0441087092453692	[0.7036144578313253, 0.8493975903614458, 0.9156626506024096, 0.7963855421686747, 0.7062084257206208]	[0.9380952380952381, 0.9, 0.8428571428571429, 0.8809523809523809, 0.9523809523809524]	1783787164	abmil/standard/egfr/virchow2/abmil
tcga_luad	benchmark_5fold	abmil	standard	kras	hoptimus1	abmil		abmil__standard__kras__hoptimus1__abmil__s42	5	5	42	1112	auc_roc	0.6875960296450548	0.08479650679403258	0.6215031260897111	0.7536889332003988	0.7219607843137255	0.08525917697671402	[0.6004926108374384, 0.7928713858424725, 0.621136590229312, 0.6642572283150547, 0.7592223330009971]	[0.6627450980392157, 0.6392156862745098, 0.7000000000000001, 0.7549019607843137, 0.8529411764705883]	1783786469	abmil/standard/kras/hoptimus1/abmil
tcga_luad	benchmark_5fold	abmil	standard	kras	uni_v2	abmil		abmil__standard__kras__uni_v2__abmil__s42	5	5	42	815	auc_roc	0.6235107485425496	0.03237506303715521	0.5978876179343742	0.6482552342971087	0.6847058823529413	0.08902047162058255	[0.5911330049261083, 0.6575274177467597, 0.6440677966101694, 0.5867397806580259, 0.638085742771685]	[0.6509803921568628, 0.5666666666666667, 0.6607843137254903, 0.7901960784313725, 0.7549019607843138]	1783785768	abmil/standard/kras/uni_v2/abmil
tcga_luad	benchmark_5fold	abmil	standard	kras	virchow2	abmil		abmil__standard__kras__virchow2__abmil__s42	5	5	42	1373	auc_roc	0.6629538969299	0.0766877109449712	0.6065877024100115	0.7304514044074673	0.7145098039215687	0.10251170918012796	[0.5655172413793104, 0.6829511465603191, 0.6216350947158524, 0.6729810568295115, 0.7716849451645065]	[0.7176470588235293, 0.5588235294117648, 0.6980392156862746, 0.7588235294117647, 0.8392156862745098]	1783787423	abmil/standard/kras/virchow2/abmil
tcga_luad	benchmark_5fold	abmil	standard	os	hoptimus1	abmil	cox	abmil__standard__os__hoptimus1__abmil__s42__cox	5	5	42	10207	c_index	0.5924303919294198	0.05449847120687237	0.5492680016724201	0.6355927821864198	0.5581561947281587	0.10176688079754907	[0.6438275251033668, 0.6430517711171662, 0.6042053184910328, 0.5299202127659575, 0.5411471321695761]	[0.6966292134831461, 0.6048034934497817, 0.4295612009237875, 0.561046511627907, 0.4987405541561713]	1784718096	abmil/standard/os/hoptimus1/abmil/cox
tcga_luad	benchmark_5fold	abmil	standard	os	hoptimus1	abmil	nllsurv	abmil__standard__os__hoptimus1__abmil__s42__nllsurv	5	5	42	10064	c_index	0.5900917623475743	0.07939010243538674	0.5202070742863999	0.6437307198356577	0.5407759920302719	0.0881570365046462	[0.6633195510927348, 0.6362397820163488, 0.5924551638837353, 0.4574468085106383, 0.600997506234414]	[0.6179775280898876, 0.47161572052401746, 0.4618937644341801, 0.5, 0.6523929471032746]	1784717969	abmil/standard/os/hoptimus1/abmil/nllsurv
tcga_luad	benchmark_5fold	abmil	standard	os	uni_v2	abmil	cox	abmil__standard__os__uni_v2__abmil__s42__cox	5	5	42	10272	c_index	0.5701802116076509	0.07122759238000423	0.5151849349212135	0.6251754882940883	0.5558820938369349	0.12575865918732881	[0.6656822209096279, 0.6198910081743869, 0.5547309833024119, 0.5099734042553191, 0.5006234413965087]	[0.6853932584269663, 0.62882096069869, 0.39260969976905313, 0.6191860465116279, 0.4534005037783375]	1784718299	abmil/standard/os/uni_v2/abmil/cox
tcga_luad	benchmark_5fold	abmil	standard	os	uni_v2	abmil	nllsurv	abmil__standard__os__uni_v2__abmil__s42__nllsurv	5	5	42	10949	c_index	0.593674322848115	0.09064432674531615	0.518335236905434	0.6556400379571279	0.5608209706526422	0.08888026767669968	[0.6869462492616657, 0.6287465940054496, 0.5627705627705628, 0.4521276595744681, 0.6377805486284289]	[0.6426966292134831, 0.5414847161572053, 0.43187066974595845, 0.5406976744186046, 0.6473551637279596]	1784718903	abmil/standard/os/uni_v2/abmil/nllsurv
tcga_luad	benchmark_5fold	abmil	standard	os	virchow2	abmil	cox	abmil__standard__os__virchow2__abmil__s42__cox	5	5	42	10689	c_index	0.5942863890450782	0.04698969655705443	0.5559630835722048	0.6298917750062378	0.6058620297600883	0.1168022243113612	[0.6438275251033668, 0.6076294277929155, 0.62708719851577, 0.5299202127659575, 0.5629675810473815]	[0.7056179775280899, 0.7248908296943232, 0.49191685912240185, 0.6308139534883721, 0.4760705289672544]	1784718574	abmil/standard/os/virchow2/abmil/cox
tcga_luad	benchmark_5fold	abmil	standard	os	virchow2	abmil	nllsurv	abmil__standard__os__virchow2__abmil__s42__nllsurv	5	5	42	10496	c_index	0.6027917986843384	0.08860783879060281	0.5230195928634578	0.6632445963194907	0.5704379693986773	0.06928339749542384	[0.6904902539870054, 0.6219346049046321, 0.647495361781076, 0.456781914893617, 0.5972568578553616]	[0.6876404494382022, 0.5676855895196506, 0.5173210161662818, 0.5203488372093024, 0.5591939546599496]	1784718394	abmil/standard/os/virchow2/abmil/nllsurv
tcga_luad	benchmark_5fold	clam	standard	egfr	hoptimus1	clam_mb		clam__standard__egfr__hoptimus1__clam_mb__s42	5	5	42	20579.323167487513	auc_roc	0.8529954852670103	0.04196904351781834	0.821171693425587	0.8857665696043597	0.8952380952380953	0.06546536707079774	[0.816867469879518, 0.8313253012048193, 0.9060240963855422, 0.8903614457831326, 0.8203991130820399]	[0.9714285714285714, 0.8714285714285714, 0.8523809523809524, 0.8238095238095238, 0.9571428571428572]	1783798063	clam/standard/egfr/hoptimus1/clam_mb
tcga_luad	benchmark_5fold	clam	standard	egfr	hoptimus1	clam_sb		clam__standard__egfr__hoptimus1__clam_sb__s42	5	5	42	20109.004156968556	auc_roc	0.8003590414874576	0.06512880293006969	0.7490337402826384	0.8543349451019153	0.8857142857142858	0.08081220356417683	[0.7096385542168675, 0.8036144578313252, 0.891566265060241, 0.7843373493975904, 0.812638580931264]	[0.9523809523809523, 0.9095238095238095, 0.842857142857143, 0.7666666666666667, 0.9571428571428572]	1783797593	clam/standard/egfr/hoptimus1/clam_sb
tcga_luad	benchmark_5fold	clam	standard	egfr	hoptimus1	mil		clam__standard__egfr__hoptimus1__mil__s42	5	5	42	20086.81971384259	auc_roc	0.6082221569203644	0.097708073592593	0.5316250367322951	0.6848192771084337	0.5742857142857144	0.12682231754213202	[0.4987951807228916, 0.6819277108433734, 0.6361445783132531, 0.7120481927710843, 0.5121951219512195]	[0.4952380952380953, 0.5476190476190477, 0.7333333333333334, 0.6714285714285715, 0.42380952380952386]	1783797571	clam/standard/egfr/hoptimus1/mil
tcga_luad	benchmark_5fold	clam	standard	egfr	uni_v2	clam_mb		clam__standard__egfr__uni_v2__clam_mb__s42	5	5	42	20271.8741438468	auc_roc	0.7745443859695991	0.08204077689879459	0.7195180722891565	0.850688964282852	0.8857142857142856	0.09078893316636963	[0.6891566265060242, 0.7469879518072289, 0.9084337349397591, 0.7831325301204819, 0.7450110864745012]	[0.9619047619047619, 0.838095238095238, 0.7523809523809524, 0.9095238095238095, 0.9666666666666667]	1783797755	clam/standard/egfr/uni_v2/clam_mb
tcga_luad	benchmark_5fold	clam	standard	egfr	uni_v2	clam_sb		clam__standard__egfr__uni_v2__clam_sb__s42	5	5	42	20310.120550965425	auc_roc	0.7669398658937301	0.030383559371318633	0.7418796249298747	0.7884578313253011	0.8771428571428572	0.0869878923990936	[0.7204819277108433, 0.7855421686746987, 0.7951807228915663, 0.7807228915662651, 0.7527716186252772]	[0.9761904761904763, 0.880952380952381, 0.761904761904762, 0.8238095238095238, 0.942857142857143]	1783797794	clam/standard/egfr/uni_v2/clam_sb
tcga_luad	benchmark_5fold	clam	standard	egfr	uni_v2	mil		clam__standard__egfr__uni_v2__mil__s42	5	5	42	20263.69537670538	auc_roc	0.6311313546870408	0.0995478898555791	0.54355421686747	0.6906964443138406	0.5228571428571429	0.1622335596945233	[0.46144578313253015, 0.6409638554216868, 0.6807228915662651, 0.6530120481927711, 0.7195121951219512]	[0.40476190476190477, 0.6476190476190476, 0.4904761904761905, 0.34285714285714286, 0.7285714285714285]	1783797747	clam/standard/egfr/uni_v2/mil
tcga_luad	benchmark_5fold	clam	standard	egfr	virchow2	clam_mb		clam__standard__egfr__virchow2__clam_mb__s42	5	5	42	27119.547162315343	auc_roc	0.791664039751022	0.0935076262906778	0.7196158469799375	0.8668132530120481	0.9028571428571428	0.06385215349280658	[0.6614457831325301, 0.8277108433734941, 0.9180722891566265, 0.7650602409638554, 0.7860310421286031]	[0.9476190476190477, 0.8523809523809524, 0.8238095238095239, 0.9142857142857141, 0.9761904761904762]	1783804603	clam/standard/egfr/virchow2/clam_mb
tcga_luad	benchmark_5fold	clam	standard	egfr	virchow2	clam_sb		clam__standard__egfr__virchow2__clam_sb__s42	5	5	42	26732.79953827057	auc_roc	0.7989506585098709	0.04103584452850018	0.7695530681484252	0.8349397590361447	0.8657142857142859	0.09056386729240816	[0.753012048192771, 0.8578313253012049, 0.8216867469879519, 0.7795180722891566, 0.7827050997782705]	[0.8904761904761905, 0.9047619047619048, 0.7380952380952381, 0.8190476190476191, 0.9761904761904763]	1783804216	clam/standard/egfr/virchow2/clam_sb
tcga_luad	benchmark_5fold	clam	standard	egfr	virchow2	mil		clam__standard__egfr__virchow2__mil__s42	5	5	42	18329.392757037655	auc_roc	0.7312985868084311	0.10204762534322895	0.6518072289156627	0.8107899447011995	0.6533333333333333	0.1875489354131427	[0.6048192771084338, 0.6493975903614458, 0.7506024096385542, 0.844578313253012, 0.8070953436807096]	[0.6142857142857143, 0.3476190476190476, 0.819047619047619, 0.7761904761904761, 0.7095238095238096]	1783650362	clam/standard/egfr/virchow2/mil
tcga_luad	benchmark_5fold	clam	standard	kras	hoptimus1	clam_mb		clam__standard__kras__hoptimus1__clam_mb__s42	5	5	42	19748.146470075473	auc_roc	0.675086759426155	0.08793841228103333	0.6145521023137485	0.7575274177467597	0.6596078431372548	0.10295144673324177	[0.5783251231527093, 0.6689930209371884, 0.6360917248255235, 0.6754735792622134, 0.8165503489531405]	[0.6745098039215687, 0.4980392156862745, 0.6823529411764706, 0.6588235294117647, 0.7843137254901962]	1783797232	clam/standard/kras/hoptimus1/clam_mb
tcga_luad	benchmark_5fold	clam	standard	kras	hoptimus1	clam_sb		clam__standard__kras__hoptimus1__clam_sb__s42	5	5	42	19931.95875417348	auc_roc	0.6249169732182762	0.08200191424585222	0.5551098428851378	0.6882352941176471	0.604313725490196	0.1679443528424592	[0.503448275862069, 0.6635094715852443, 0.6016949152542374, 0.6306081754735793, 0.7253240279162513]	[0.5490196078431372, 0.43137254901960786, 0.49803921568627446, 0.692156862745098, 0.8509803921568627]	1783797415	clam/standard/kras/hoptimus1/clam_sb
tcga_luad	benchmark_5fold	clam	standard	kras	hoptimus1	mil		clam__standard__kras__hoptimus1__mil__s42	5	5	42	19694.91735662101	auc_roc	0.6217587631195084	0.03603950006437537	0.5937188434695913	0.6486022720017287	0.5984313725490196	0.0731874400705684	[0.6566502463054187, 0.5727816550348953, 0.6136590229312063, 0.6076769690927218, 0.6580259222333]	[0.6254901960784314, 0.4803921568627451, 0.580392156862745, 0.6686274509803921, 0.6372549019607843]	1783797179	clam/standard/kras/hoptimus1/mil
tcga_luad	benchmark_5fold	clam	standard	kras	uni_v2	clam_mb		clam__standard__kras__uni_v2__clam_mb__s42	5	5	42	19759.91157198744	auc_roc	0.6420685726073012	0.06834993523381167	0.5887233864907738	0.6943170488534397	0.6513725490196078	0.09002968454028751	[0.5438423645320197, 0.6590229312063808, 0.6186440677966101, 0.6575274177467597, 0.7313060817547358]	[0.6352941176470589, 0.5117647058823529, 0.6509803921568627, 0.7450980392156863, 0.7137254901960783]	1783797244	clam/standard/kras/uni_v2/clam_mb
tcga_luad	benchmark_5fold	clam	standard	kras	uni_v2	clam_sb		clam__standard__kras__uni_v2__clam_sb__s42	5	5	42	19860.424912241288	auc_roc	0.6280366781429112	0.06358595559859073	0.5783273823848651	0.6763708873379861	0.6117647058823529	0.10684925261107249	[0.5330049261083745, 0.6754735792622133, 0.6171485543369891, 0.6181455633100698, 0.6964107676969092]	[0.5627450980392157, 0.5, 0.5843137254901961, 0.784313725490196, 0.6274509803921569]	1783797344	clam/standard/kras/uni_v2/clam_sb
tcga_luad	benchmark_5fold	clam	standard	kras	uni_v2	mil		clam__standard__kras__uni_v2__mil__s42	5	5	42	19668.419212864246	auc_roc	0.557082152557107	0.03340867648784211	0.5312459960021413	0.5840478564307079	0.5847058823529412	0.09822922763155519	[0.5610837438423646, 0.5638085742771686, 0.5104685942173479, 0.6031904287138584, 0.5468594217347955]	[0.4862745098039216, 0.4882352941176471, 0.6137254901960785, 0.6176470588235294, 0.7176470588235294]	1783797152	clam/standard/kras/uni_v2/mil
tcga_luad	benchmark_5fold	clam	standard	kras	virchow2	clam_mb		clam__standard__kras__virchow2__clam_mb__s42	5	5	42	25456.78691454325	auc_roc	0.6338737482134876	0.07546992145723747	0.5852935896743269	0.7036643763291407	0.6184313725490196	0.16512318750294944	[0.5935960591133005, 0.5997008973080757, 0.5697906281156531, 0.6470588235294117, 0.7592223330009971]	[0.49411764705882355, 0.4411764705882353, 0.5803921568627451, 0.7490196078431374, 0.8274509803921569]	1783802940	clam/standard/kras/virchow2/clam_mb
tcga_luad	benchmark_5fold	clam	standard	kras	virchow2	clam_sb		clam__standard__kras__virchow2__clam_sb__s42	5	5	42	25489.198743617628	auc_roc	0.6330707385233463	0.05486778930996934	0.5886371918726577	0.6739780658025922	0.6250980392156862	0.11904722359466366	[0.5541871921182265, 0.6964107676969092, 0.6111665004985045, 0.6340977068793618, 0.6694915254237288]	[0.6019607843137255, 0.4294117647058823, 0.6705882352941176, 0.7313725490196078, 0.692156862745098]	1783802973	clam/standard/kras/virchow2/clam_sb
tcga_luad	benchmark_5fold	clam	standard	kras	virchow2	mil		clam__standard__kras__virchow2__mil__s42	5	5	42	25325.909605201334	auc_roc	0.5374260469822061	0.07894401929471634	0.47219838022877186	0.5985044865403788	0.543921568627451	0.1320919721995602	[0.4423645320197044, 0.6036889332003987, 0.46311066799601197, 0.6071784646061814, 0.5707876370887339]	[0.39803921568627454, 0.4607843137254902, 0.6215686274509803, 0.7294117647058823, 0.5098039215686275]	1783802809	clam/standard/kras/virchow2/mil
tcga_luad	benchmark_5fold	clam	standard	os	hoptimus1	clam_mb	nllsurv	clam__standard__os__hoptimus1__clam_mb__s42__nllsurv	5	5	42	0	c_index	0.5885733557155706	0.08697718288131967	0.5155183077356511	0.645483000735906	0.5521140869898549	0.07995989419227877	[0.6639102185469581, 0.646457765667575, 0.6066790352504638, 0.4441489361702128, 0.5816708229426434]	[0.6359550561797753, 0.5043668122270742, 0.46882217090069284, 0.5116279069767442, 0.6397984886649875]	1784710521	clam/standard/os/hoptimus1/clam_mb/nllsurv
tcga_luad	benchmark_5fold	clam	standard	os	uni_v2	clam_mb	nllsurv	clam__standard__os__uni_v2__clam_mb__s42__nllsurv	5	5	42	0	c_index	0.5954201940053299	0.09064464481132704	0.5201878780849044	0.65534975545302	0.5805058268845793	0.06113939679036062	[0.6881275841701122, 0.6335149863760218, 0.5788497217068646, 0.4488031914893617, 0.6278054862842892]	[0.6337078651685393, 0.5414847161572053, 0.5080831408775982, 0.5668604651162791, 0.6523929471032746]	1784710837	clam/standard/os/uni_v2/clam_mb/nllsurv
tcga_luad	benchmark_5fold	clam	standard	os	virchow2	clam_mb	nllsurv	clam__standard__os__virchow2__clam_mb__s42__nllsurv	5	5	42	0	c_index	0.6087511344677848	0.0861330648485831	0.5370233765412411	0.6676143586986935	0.6015040297344908	0.057209433824583523	[0.6887182516243355, 0.6396457765667575, 0.660482374768089, 0.47074468085106386, 0.5841645885286783]	[0.7033707865168539, 0.5807860262008734, 0.5796766743648961, 0.5668604651162791, 0.5768261964735516]	1784711650	clam/standard/os/virchow2/clam_mb/nllsurv
tcga_luad	benchmark_5fold	dtfd	standard	egfr	hoptimus1	dtfd_mil		dtfd__standard__egfr__hoptimus1__dtfd_mil__s42	5	5	42	1683	auc_roc	0.8321155130499827	0.08304355144529879	0.7700141586300859	0.8943132530120481	0.9038095238095238	0.07762050831228563	[0.7554216867469881, 0.846987951807229, 0.9457831325301205, 0.8662650602409638, 0.746119733924612]	[0.9571428571428572, 0.8476190476190477, 0.9666666666666668, 0.7952380952380952, 0.9523809523809524]	1783786453	dtfd/standard/egfr/hoptimus1/dtfd_mil
tcga_luad	benchmark_5fold	dtfd	standard	egfr	uni_v2	dtfd_mil		dtfd__standard__egfr__uni_v2__dtfd_mil__s42	5	5	42	1712	auc_roc	0.7473031816846099	0.09385299469310926	0.6885822669836775	0.8320481927710842	0.879047619047619	0.06385215349280665	[0.7144578313253013, 0.7506024096385542, 0.9072289156626506, 0.6879518072289157, 0.6762749445676275]	[0.9142857142857144, 0.8523809523809524, 0.8095238095238094, 0.8476190476190475, 0.9714285714285714]	1783786847	dtfd/standard/egfr/uni_v2/dtfd_mil
tcga_luad	benchmark_5fold	dtfd	standard	egfr	virchow2	dtfd_mil		dtfd__standard__egfr__virchow2__dtfd_mil__s42	5	5	42	1829	auc_roc	0.7870248176742447	0.08489116019669915	0.7232062618545134	0.8587951807228915	0.8790476190476191	0.08855094489202155	[0.7843373493975905, 0.8265060240963855, 0.908433734939759, 0.7096385542168675, 0.7062084257206209]	[0.9476190476190476, 0.8571428571428572, 0.9238095238095239, 0.7333333333333334, 0.9333333333333333]	1783787268	dtfd/standard/egfr/virchow2/dtfd_mil
tcga_luad	benchmark_5fold	dtfd	standard	kras	hoptimus1	dtfd_mil		dtfd__standard__kras__hoptimus1__dtfd_mil__s42	5	5	42	2062	auc_roc	0.7013778369325521	0.06378899503206288	0.6528872495813053	0.7518264909704383	0.7294117647058822	0.09989421548224278	[0.6325123152709359, 0.7258225324027917, 0.6395812562313061, 0.7273180458624127, 0.781655034895314]	[0.7176470588235294, 0.5666666666666668, 0.7450980392156863, 0.8235294117647058, 0.7941176470588235]	1783786980	dtfd/standard/kras/hoptimus1/dtfd_mil
tcga_luad	benchmark_5fold	dtfd	standard	kras	uni_v2	dtfd_mil		dtfd__standard__kras__uni_v2__dtfd_mil__s42	5	5	42	2237	auc_roc	0.6409907224140385	0.08111124459797722	0.577794007141138	0.7076769690927218	0.6815686274509803	0.06920763159265843	[0.535960591133005, 0.6909272183449651, 0.6251246261216351, 0.6056829511465602, 0.7472582253240279]	[0.6529411764705882, 0.5843137254901961, 0.676470588235294, 0.7588235294117648, 0.7352941176470589]	1783786958	dtfd/standard/kras/uni_v2/dtfd_mil
tcga_luad	benchmark_5fold	dtfd	standard	kras	virchow2	dtfd_mil		dtfd__standard__kras__virchow2__dtfd_mil__s42	5	5	42	3265	auc_roc	0.6291618739839595	0.047563986885016285	0.5899781443845802	0.6665335250406416	0.6772549019607844	0.07474935691424144	[0.6044334975369458, 0.6640079760717846, 0.5682951146560319, 0.621136590229312, 0.6879361914257229]	[0.6588235294117647, 0.5588235294117647, 0.7039215686274509, 0.7568627450980392, 0.707843137254902]	1783788687	dtfd/standard/kras/virchow2/dtfd_mil
tcga_luad	benchmark_5fold	dtfd	standard	os	hoptimus1	dtfd_mil	nllsurv	dtfd__standard__os__hoptimus1__dtfd_mil__s42__nllsurv	5	5	42	11554	c_index	0.5993881038009417	0.035595264499462424	0.5696951821341723	0.6270156370981856	0.5802813036258175	0.05426509095140562	[0.64441819255759, 0.6130790190735694, 0.5887445887445888, 0.5472074468085106, 0.6034912718204489]	[0.6247191011235955, 0.5327510917030568, 0.5196304849884527, 0.6424418604651163, 0.5818639798488665]	1784719561	dtfd/standard/os/hoptimus1/dtfd_mil/nllsurv
tcga_luad	benchmark_5fold	dtfd	standard	os	uni_v2	dtfd_mil	nllsurv	dtfd__standard__os__uni_v2__dtfd_mil__s42__nllsurv	5	5	42	11471	c_index	0.5949367037710982	0.07743126640321132	0.5297165190837141	0.6496588379630813	0.5744002517932577	0.06610848874544456	[0.6798582398109864, 0.6376021798365122, 0.5708101422387136, 0.47606382978723405, 0.6103491271820449]	[0.6224719101123596, 0.5502183406113537, 0.47113163972286376, 0.6337209302325582, 0.5944584382871536]	1784719387	dtfd/standard/os/uni_v2/dtfd_mil/nllsurv
tcga_luad	benchmark_5fold	dtfd	standard	os	virchow2	dtfd_mil	nllsurv	dtfd__standard__os__virchow2__dtfd_mil__s42__nllsurv	5	5	42	12505	c_index	0.6169342234720032	0.03833771967690862	0.5868508153950684	0.649862496741018	0.5909604164072446	0.07600243212095933	[0.674542232722977, 0.6239782016348774, 0.6048237476808905, 0.5684840425531915, 0.6128428927680798]	[0.6764044943820224, 0.6703056768558951, 0.5196304849884527, 0.5494186046511628, 0.5390428211586902]	1784720556	dtfd/standard/os/virchow2/dtfd_mil/nllsurv
tcga_luad	benchmark_5fold	nnmil	standard	egfr	hoptimus1	simple_mil		nnmil__standard__egfr__hoptimus1__simple_mil__s42	5	5	42	9845.017878857441	auc_roc	0.7877022947666499	0.04849810819662846	0.7527502738225631	0.8274773061202682	0.8019047619047619	0.053303563119831365	[0.7349397590361446, 0.8072289156626505, 0.8602409638554216, 0.7578313253012048, 0.7782705099778271]	[0.8571428571428572, 0.7761904761904761, 0.861904761904762, 0.7619047619047619, 0.7523809523809524]	1783795637	nnmil/standard/egfr/hoptimus1/simple_mil
tcga_luad	benchmark_5fold	nnmil	standard	egfr	hoptimus1	trans_mil		nnmil__standard__egfr__hoptimus1__trans_mil__s42	5	5	42	5115.85711462819	auc_roc	0.7800764031736703	0.05367757526172489	0.7452894504848663	0.8274698795180724	0.8552380952380954	0.09889411181396965	[0.7855421686746988, 0.7457831325301205, 0.8686746987951808, 0.7686746987951807, 0.7317073170731707]	[0.8809523809523809, 0.8571428571428571, 0.6952380952380952, 0.8761904761904762, 0.9666666666666668]	1783631909	nnmil/standard/egfr/hoptimus1/trans_mil
tcga_luad	benchmark_5fold	nnmil	standard	egfr	uni_v2	simple_mil		nnmil__standard__egfr__uni_v2__simple_mil__s42	5	5	42	13511.242399957031	auc_roc	0.7530184596479043	0.05813851982620587	0.7084529693051584	0.7937349397590362	0.8047619047619048	0.09874495882537004	[0.7783132530120482, 0.7265060240963854, 0.8168674698795181, 0.7771084337349398, 0.6662971175166297]	[0.8714285714285713, 0.6523809523809524, 0.7857142857142858, 0.8047619047619048, 0.9095238095238094]	1783799308	nnmil/standard/egfr/uni_v2/simple_mil
tcga_luad	benchmark_5fold	nnmil	standard	egfr	uni_v2	trans_mil		nnmil__standard__egfr__uni_v2__trans_mil__s42	5	5	42	6439.367403412238	auc_roc	0.7329142735019902	0.03409781850804565	0.7035166831405444	0.7567962359415489	0.8495238095238096	0.051132303602080424	[0.7674698795180723, 0.7457831325301205, 0.7542168674698795, 0.6831325301204819, 0.7139689578713969]	[0.9047619047619048, 0.861904761904762, 0.7809523809523811, 0.8142857142857143, 0.8857142857142858]	1783633232	nnmil/standard/egfr/uni_v2/trans_mil
tcga_luad	benchmark_5fold	nnmil	standard	egfr	virchow2	simple_mil		nnmil__standard__egfr__virchow2__simple_mil__s42	5	5	42	21850.14390101144	auc_roc	0.7386883231373387	0.02221764866095085	0.7230109529025193	0.7549397590361446	0.839047619047619	0.060365477963031225	[0.7313253012048194, 0.7686746987951807, 0.7120481927710843, 0.7530120481927711, 0.7283813747228381]	[0.8952380952380952, 0.7952380952380953, 0.7952380952380953, 0.7952380952380953, 0.9142857142857143]	1783799335	nnmil/standard/egfr/virchow2/simple_mil
tcga_luad	benchmark_5fold	nnmil	standard	egfr	virchow2	trans_mil		nnmil__standard__egfr__virchow2__trans_mil__s42	5	5	42	6701.927141091321	auc_roc	0.7005914567360351	0.07631432766981139	0.6388828039430449	0.7566265060240964	0.818095238095238	0.03648377392262468	[0.7879518072289157, 0.7481927710843373, 0.7108433734939759, 0.6650602409638555, 0.5909090909090909]	[0.8333333333333334, 0.8333333333333334, 0.7619047619047619, 0.8047619047619048, 0.8571428571428571]	1783633494	nnmil/standard/egfr/virchow2/trans_mil
tcga_luad	benchmark_5fold	nnmil	standard	kras	hoptimus1	simple_mil		nnmil__standard__kras__hoptimus1__simple_mil__s42	5	5	42	23866.33367169602	auc_roc	0.6560337706093542	0.09211526367800309	0.5847513616785113	0.7280508474576269	0.6262745098039215	0.07489066745783413	[0.5408866995073891, 0.6864406779661016, 0.6146560319042872, 0.6480558325024925, 0.7901296111665005]	[0.6117647058823529, 0.5392156862745098, 0.6039215686274509, 0.7450980392156863, 0.6313725490196078]	1783809976	nnmil/standard/kras/hoptimus1/simple_mil
tcga_luad	benchmark_5fold	nnmil	standard	kras	hoptimus1	trans_mil		nnmil__standard__kras__hoptimus1__trans_mil__s42	5	5	42	14177.229722316377	auc_roc	0.6535549017970718	0.0537496003839228	0.6086785530109179	0.6964107676969092	0.6572549019607843	0.06471182385080529	[0.5768472906403941, 0.6645064805583251, 0.650049850448654, 0.648554336989033, 0.7278165503489531]	[0.7215686274509804, 0.5529411764705883, 0.6431372549019608, 0.6901960784313725, 0.6784313725490196]	1783640970	nnmil/standard/kras/hoptimus1/trans_mil
tcga_luad	benchmark_5fold	nnmil	standard	kras	uni_v2	simple_mil		nnmil__standard__kras__uni_v2__simple_mil__s42	5	5	42	19544.405127934646	auc_roc	0.6330377340883754	0.07640486565844648	0.577142267777947	0.6959122632103689	0.6172549019607844	0.09374312739130616	[0.5679802955665024, 0.6979062811565304, 0.5832502492522433, 0.5832502492522433, 0.732801595214357]	[0.6352941176470589, 0.49019607843137253, 0.5784313725490196, 0.7470588235294118, 0.6352941176470588]	1783806021	nnmil/standard/kras/uni_v2/simple_mil
tcga_luad	benchmark_5fold	nnmil	standard	kras	uni_v2	trans_mil		nnmil__standard__kras__uni_v2__trans_mil__s42	5	5	42	16456.91121069924	auc_roc	0.5871658914880973	0.04837548019281503	0.5498777558948769	0.6291126620139581	0.6094117647058824	0.13097246659125758	[0.5719211822660099, 0.6510468594217348, 0.5413758723828515, 0.5473579262213359, 0.6241276171485542]	[0.7098039215686275, 0.4019607843137255, 0.5803921568627451, 0.7294117647058824, 0.6254901960784314]	1783643249	nnmil/standard/kras/uni_v2/trans_mil
tcga_luad	benchmark_5fold	nnmil	standard	kras	virchow2	simple_mil		nnmil__standard__kras__virchow2__simple_mil__s42	5	5	42	29268.867462220136	auc_roc	0.6235602551950061	0.08460077818076858	0.5735412481766524	0.7006290488141487	0.5854901960784313	0.10211715008463147	[0.5704433497536946, 0.6221335992023928, 0.5717846460618146, 0.5832502492522432, 0.7701894317048854]	[0.6490196078431372, 0.40588235294117647, 0.6000000000000001, 0.6411764705882352, 0.6313725490196078]	1783806915	nnmil/standard/kras/virchow2/simple_mil
tcga_luad	benchmark_5fold	nnmil	standard	kras	virchow2	trans_mil		nnmil__standard__kras__virchow2__trans_mil__s42	5	5	42	19859.006334936013	auc_roc	0.5909050189333478	0.07169182462501424	0.5348731146462092	0.6469369232204865	0.6192156862745098	0.09489466833106291	[0.5926108374384237, 0.6674975074775674, 0.5, 0.5408773678963111, 0.6535393818544367]	[0.6549019607843137, 0.4627450980392157, 0.6431372549019607, 0.7176470588235294, 0.6176470588235294]	1783646651	nnmil/standard/kras/virchow2/trans_mil
tcga_luad	benchmark_5fold	nnmil	standard	os	hoptimus1	simple_mil	cox	nnmil__standard__os__hoptimus1__simple_mil__s42__cox	5	5	42	9861.747041888942	c_index	0.5992920930246359	0.0782212282545276	0.5352067016853137	0.6561670222389726	0.584974738266868	0.11655791494668545	[0.6656822209096279, 0.6689373297002725, 0.5701917130488559, 0.4800531914893617, 0.6115960099750624]	[0.7370786516853932, 0.6703056768558951, 0.5635103926096998, 0.48546511627906974, 0.46851385390428213]	1784717599	nnmil/standard/os/hoptimus1/simple_mil/cox
tcga_luad	benchmark_5fold	nnmil	standard	os	hoptimus1	simple_mil	nllsurv	nnmil__standard__os__hoptimus1__simple_mil__s42__nllsurv	5	5	42	8074.032896328019	c_index	0.5586566068436745	0.0851927154373649	0.48187946992279446	0.6113583611156118	0.5771335011801035	0.05286886081208961	[0.6184288245717661, 0.6042234332425068, 0.5485466914038343, 0.4142287234042553, 0.60785536159601]	[0.6651685393258427, 0.5502183406113537, 0.5773672055427251, 0.5261627906976745, 0.5667506297229219]	1784715811	nnmil/standard/os/hoptimus1/simple_mil/nllsurv
tcga_luad	benchmark_5fold	nnmil	standard	os	uni_v2	simple_mil	cox	nnmil__standard__os__uni_v2__simple_mil__s42__cox	5	5	42	11416.758425925975	c_index	0.5559722979827547	0.09955427571474307	0.4840205751564043	0.6329080379884824	0.5417349370083052	0.14602095617070468	[0.6993502658003544, 0.5871934604904632, 0.5157699443413729, 0.5498670212765957, 0.42768079800498754]	[0.6786516853932584, 0.6441048034934498, 0.6189376443418014, 0.3866279069767442, 0.380352644836272]	1784719155	nnmil/standard/os/uni_v2/simple_mil/cox
tcga_luad	benchmark_5fold	nnmil	standard	os	uni_v2	simple_mil	nllsurv	nnmil__standard__os__uni_v2__simple_mil__s42__nllsurv	5	5	42	9476.912035886955	c_index	0.5902703460035733	0.08924237434396595	0.5127445078585748	0.6485510331370474	0.5627899026658605	0.06785317123172215	[0.6721795629060838, 0.6178474114441417, 0.5782312925170068, 0.4428191489361702, 0.6402743142144638]	[0.6629213483146067, 0.537117903930131, 0.5173210161662818, 0.49709302325581395, 0.5994962216624685]	1784717214	nnmil/standard/os/uni_v2/simple_mil/nllsurv
tcga_luad	benchmark_5fold	nnmil	standard	os	virchow2	simple_mil	cox	nnmil__standard__os__virchow2__simple_mil__s42__cox	5	5	42	10507.397266959888	c_index	0.561365397678907	0.10144040557272901	0.48362898174700353	0.6392356621131634	0.5854296000571847	0.12905298593929157	[0.6946249261665682, 0.6185286103542235, 0.44774273345701915, 0.4767287234042553, 0.5692019950124688]	[0.7325842696629213, 0.6986899563318777, 0.5519630484988453, 0.5232558139534884, 0.42065491183879095]	1784718245	nnmil/standard/os/virchow2/simple_mil/cox
tcga_luad	benchmark_5fold	nnmil	standard	os	virchow2	simple_mil	nllsurv	nnmil__standard__os__virchow2__simple_mil__s42__nllsurv	5	5	42	9849.91928537999	c_index	0.5939619051505604	0.04617337779899737	0.5540021918583515	0.6289378147515585	0.6134306342302603	0.09550646423249003	[0.6491435321913762, 0.6001362397820164, 0.5844155844155844, 0.5232712765957447, 0.6128428927680798]	[0.7213483146067415, 0.4737991266375546, 0.6073903002309469, 0.6802325581395349, 0.5843828715365239]	1784717587	nnmil/standard/os/virchow2/simple_mil/nllsurv
tcga_luad	benchmark_5fold	titan	standard	kras	titan	titan		titan__standard__kras__titan__titan__s42	5	5	42	207.0601704120636	auc_roc	0.6143861027754175	0.06853996122122771	0.5616151545363908	0.6729850080300969	0.6498039215686275	0.06098322923858668	[0.612807881773399, 0.6246261216350947, 0.5343968095712861, 0.580259222333001, 0.7198404785643071]	[0.6372549019607844, 0.5980392156862745, 0.7000000000000001, 0.7254901960784313, 0.5882352941176471]	1785028991	titan/standard/kras/titan/titan
tcga_luad	benchmark_5fold	titan	standard	os	titan	titan	cox	titan__standard__os__titan__titan__s42__cox	5	5	42	108.27397465705872	c_index	0.5553281838136777	0.05717059431943062	0.5102671910604875	0.5971620553416477	0.5801538761022851	0.05221284375182506	[0.61193148257531, 0.603542234332425, 0.5355596784168213, 0.47074468085106386, 0.5548628428927681]	[0.5078651685393258, 0.5982532751091703, 0.5542725173210161, 0.5930232558139535, 0.6473551637279596]	1785029102	titan/standard/os/titan/titan/cox
tcga_luad	benchmark_5fold	titan	standard	os	titan	titan	nllsurv	titan__standard__os__titan__titan__s42__nllsurv	5	5	42	102.62989354133606	c_index	0.5499070963700484	0.05018246648962971	0.5112456817761821	0.5876163666931242	0.5159666022932281	0.10719053862915692	[0.5729474305965742, 0.4925068119891008, 0.5640074211502782, 0.5059840425531915, 0.6140897755610972]	[0.5370786516853933, 0.39956331877729256, 0.4295612009237875, 0.5436046511627907, 0.6700251889168766]	1785029208	titan/standard/os/titan/titan/nllsurv
